timestamp_utc_str,lat,lon,alt_m,sat,hdop,speed_obd_kmh,acc_lon_G,acc_lat_G,roll_deg,pitch_deg,slope_deg,slope_confidence,heading_deg,yawRate_dps,heading_confidence,rpm,load_pct,throttle_pct,estimated_gear,t_mono_us,utc_epoch_us,utc_valid,sync_quality,imu_t_us,gnss_t_us,obd_speed_t_us,imu_age_ms,gnss_age_ms,obd_speed_age_ms
2026-05-18 18:30:00,45.478,9.227001,135.0,11,0.7,55.1,-0.01,0.003,0.46,0.2,0.0,0.7,90.0,-0.53,0.73,4080,40,34.1,3,500000,1779129000000000,1,92,497780,477765,497188,2,22,2
2026-05-18 18:30:00,45.478001,9.227001,135.0,11,0.71,53.9,0.018,0.023,0.17,-0.31,0.01,0.7,90.5,0.23,0.73,4082,39,33.1,3,1000000,1779129000500000,1,96,999392,988139,997225,0,11,2
2026-05-18 18:30:01,45.478001,9.227002,135.1,11,0.71,54.3,0.018,0.014,-0.16,0.08,0.02,0.71,91.0,0.51,0.78,4045,45,37.8,3,1500000,1779129001000000,1,97,1498398,1480548,1495948,1,19,4
2026-05-18 18:30:01,45.478001,9.227002,135.1,11,0.72,57.6,0.033,0.045,0.57,-0.15,0.03,0.71,91.5,0.96,0.8,4287,47,42.9,3,2000000,1779129001500000,1,97,1999492,1986208,1992199,0,13,7
2026-05-18 18:30:02,45.478002,9.227003,135.1,11,0.72,58.6,0.042,0.058,0.7,-0.16,0.04,0.72,92.0,0.61,0.7,4344,44,41.8,3,2500000,1779129002000000,1,92,2498213,2479478,2495585,1,20,4
2026-05-18 18:30:02,45.478002,9.227004,135.2,11,0.73,58.4,0.061,0.085,0.11,0.17,0.05,0.72,92.5,1.99,0.78,4529,45,39.4,3,3000000,1779129002500000,1,98,2999060,2970667,2997805,0,29,2
2026-05-18 18:30:03,45.478003,9.227004,135.2,11,0.74,59.3,0.054,0.09,0.4,0.04,0.06,0.72,93.0,2.17,0.8,4341,47,40.1,3,3500000,1779129003000000,1,95,3497433,3484752,3493306,2,15,6
2026-05-18 18:30:03,45.478003,9.227005,135.2,11,0.74,59.9,0.068,0.111,-0.05,0.0,0.07,0.73,93.4,2.51,0.79,4490,49,45.1,3,4000000,1779129003500000,1,97,3997692,3990364,3993716,2,9,6
2026-05-18 18:30:04,45.478003,9.227006,135.3,11,0.75,57.6,0.077,0.118,0.77,0.71,0.08,0.73,93.9,2.43,0.78,4419,50,42.6,3,4500000,1779129004000000,1,94,4498717,4491923,4493050,1,8,6
2026-05-18 18:30:04,45.478004,9.227006,135.3,11,0.76,59.6,0.087,0.122,0.42,0.13,0.09,0.74,94.4,2.27,0.8,4584,50,45.8,3,5000000,1779129004500000,1,99,4998940,4991900,4992193,1,8,7
2026-05-18 18:30:05,45.478004,9.227007,135.3,11,0.76,60.7,0.082,0.135,0.75,0.46,0.1,0.74,94.9,2.84,0.82,4401,51,46.3,3,5500000,1779129005000000,1,100,5499156,5487571,5496541,0,12,3
2026-05-18 18:30:05,45.478004,9.227008,135.4,11,0.77,62.0,0.118,0.167,0.14,0.72,0.11,0.75,95.4,2.85,0.72,4745,53,49.8,3,6000000,1779129005500000,1,96,5997327,5973306,5993068,2,26,6
2026-05-18 18:30:06,45.478005,9.227008,135.4,11,0.77,59.4,0.108,0.187,0.68,0.54,0.12,0.75,95.9,3.48,0.77,4598,49,41.3,3,6500000,1779129006000000,1,93,6499301,6490156,6496084,0,9,3
2026-05-18 18:30:06,45.478005,9.227009,135.4,12,0.78,61.9,0.108,0.207,0.38,0.11,0.13,0.75,96.4,3.88,0.81,4550,52,44.2,3,7000000,1779129006500000,1,96,6998959,6976280,6996169,1,23,3
2026-05-18 18:30:07,45.478006,9.22701,135.5,12,0.79,62.2,0.118,0.225,0.81,0.8,0.14,0.76,96.9,3.69,0.81,4623,52,46.6,3,7500000,1779129007000000,1,93,7499247,7481047,7492284,0,18,7
2026-05-18 18:30:07,45.478006,9.22701,135.5,12,0.79,62.0,0.136,0.227,1.27,0.41,0.15,0.76,97.4,4.21,0.79,4580,45,42.2,3,8000000,1779129007500000,1,98,7997232,7982600,7993525,2,17,6
2026-05-18 18:30:08,45.478006,9.227011,135.5,12,0.8,61.6,0.126,0.242,0.58,0.41,0.16,0.77,97.9,4.22,0.82,4591,53,50.3,3,8500000,1779129008000000,1,100,8497976,8483987,8492766,2,16,7
2026-05-18 18:30:08,45.478007,9.227012,135.6,12,0.81,63.7,0.144,0.252,1.14,0.88,0.17,0.77,98.4,4.25,0.81,4763,49,42.5,3,9000000,1779129008500000,1,96,8997317,8982147,8995512,2,17,4
2026-05-18 18:30:09,45.478007,9.227012,135.6,12,0.81,64.2,0.162,0.255,0.82,0.95,0.18,0.77,98.8,4.84,0.82,4643,56,52.7,3,9500000,1779129009000000,1,93,9499185,9473058,9495580,0,26,4
2026-05-18 18:30:09,45.478008,9.227013,135.6,12,0.82,63.8,0.162,0.269,0.49,0.73,0.19,0.78,99.3,4.34,0.72,4792,54,49.8,3,10000000,1779129009500000,1,99,9999113,9975290,9996471,0,24,3
2026-05-18 18:30:10,45.478008,9.227014,135.7,12,0.82,64.8,0.149,0.266,0.52,0.66,0.2,0.78,99.8,5.15,0.77,4792,52,47.8,3,10500000,1779129010000000,1,100,10497296,10483428,10494002,2,16,5
2026-05-18 18:30:10,45.478008,9.227014,135.7,12,0.83,65.7,0.172,0.297,1.42,0.61,0.21,0.79,100.3,5.27,0.82,4733,48,42.0,4,11000000,1779129010500000,1,95,10998042,10988679,10997607,1,11,2
2026-05-18 18:30:11,45.478009,9.227015,135.7,12,0.84,66.7,0.18,0.289,0.78,0.48,0.22,0.79,100.8,5.53,0.81,4956,51,46.1,4,11500000,1779129011000000,1,99,11497287,11472529,11496180,2,27,3
2026-05-18 18:30:11,45.478009,9.227016,135.8,12,0.84,65.1,0.16,0.314,1.42,0.3,0.23,0.79,101.3,5.46,0.8,4851,55,47.0,4,12000000,1779129011500000,1,92,11997568,11975618,11994387,2,24,5
2026-05-18 18:30:12,45.47801,9.227016,135.8,12,0.85,66.5,0.16,0.337,1.24,0.41,0.24,0.8,101.8,6.38,0.79,4740,48,42.4,4,12500000,1779129012000000,1,99,12498569,12474307,12493013,1,25,6
2026-05-18 18:30:12,45.47801,9.227017,135.8,12,0.85,68.0,0.171,0.337,0.92,1.1,0.25,0.8,102.2,6.09,0.78,4928,51,48.8,4,13000000,1779129012500000,1,94,12997629,12990122,12995849,2,9,4
2026-05-18 18:30:13,45.47801,9.227018,135.9,12,0.86,67.7,0.187,0.338,0.83,1.18,0.26,0.8,102.7,6.17,0.76,4942,57,52.3,4,13500000,1779129013000000,1,96,13498637,13481256,13493568,1,18,6
2026-05-18 18:30:13,45.478011,9.227019,135.9,13,0.87,67.2,0.191,0.368,1.33,0.75,0.27,0.81,103.2,7.06,0.79,4872,54,50.2,4,14000000,1779129013500000,1,99,13998324,13974994,13995537,1,25,4
2026-05-18 18:30:14,45.478011,9.227019,135.9,13,0.87,68.3,0.166,0.377,0.91,0.93,0.28,0.81,103.7,6.91,0.73,4951,57,51.9,4,14500000,1779129014000000,1,94,14497147,14474180,14493206,2,25,6
2026-05-18 18:30:14,45.478012,9.22702,136.0,13,0.88,70.2,0.188,0.365,1.42,1.18,0.29,0.82,104.2,6.65,0.72,4991,53,50.1,4,15000000,1779129014500000,1,99,14999437,14975337,14994301,0,24,5
2026-05-18 18:30:15,45.478012,9.227021,136.0,13,0.88,67.8,0.175,0.365,1.5,0.43,0.3,0.82,104.7,6.56,0.83,4997,54,50.8,4,15500000,1779129015000000,1,95,15498791,15488207,15497531,1,11,2
2026-05-18 18:30:15,45.478013,9.227022,136.0,13,0.89,68.6,0.184,0.367,1.17,0.9,0.31,0.82,105.1,6.42,0.83,5087,57,52.5,4,16000000,1779129015500000,1,96,15999475,15979244,15995156,0,20,4
2026-05-18 18:30:16,45.478013,9.227022,136.0,13,0.89,71.0,0.167,0.389,1.17,0.71,0.32,0.83,105.6,7.38,0.8,5115,54,50.1,4,16500000,1779129016000000,1,95,16498713,16472713,16496424,1,27,3
2026-05-18 18:30:16,45.478014,9.227023,136.1,13,0.9,69.3,0.174,0.413,1.0,0.36,0.33,0.83,106.1,7.43,0.75,5128,54,47.3,4,17000000,1779129016500000,1,94,16998415,16978779,16997117,1,21,2
2026-05-18 18:30:17,45.478014,9.227024,136.1,13,0.91,68.8,0.174,0.395,1.22,0.98,0.34,0.83,106.6,7.01,0.77,4987,56,51.5,4,17500000,1779129017000000,1,92,17497310,17492733,17498934,2,7,1
2026-05-18 18:30:17,45.478014,9.227025,136.1,13,0.91,72.1,0.176,0.394,1.71,1.04,0.35,0.84,107.0,7.16,0.79,5291,58,55.0,4,18000000,1779129017500000,1,97,17997865,17974398,17993100,2,25,6
2026-05-18 18:30:18,45.478015,9.227025,136.2,13,0.92,71.9,0.169,0.407,1.63,0.84,0.35,0.84,107.5,6.96,0.73,5211,61,54.7,4,18500000,1779129018000000,1,92,18499488,18473935,18495065,0,26,4
2026-05-18 18:30:18,45.478015,9.227026,136.2,13,0.92,70.0,0.149,0.422,1.05,1.0,0.36,0.84,108.0,8.12,0.83,4965,54,48.1,4,19000000,1779129018500000,1,96,18998623,18990918,18997449,1,9,2
2026-05-18 18:30:19,45.478016,9.227027,136.2,13,0.93,70.4,0.156,0.402,1.77,0.55,0.37,0.85,108.5,6.71,0.77,5051,52,47.4,4,19500000,1779129019000000,1,99,19497220,19470402,19495092,2,29,4
2026-05-18 18:30:19,45.478016,9.227028,136.3,13,0.93,71.2,0.147,0.411,1.82,0.96,0.38,0.85,108.9,7.32,0.79,5039,57,52.5,4,20000000,1779129019500000,1,96,19997723,19989614,19994279,2,10,5
2026-05-18 18:30:20,45.478017,9.227028,136.3,13,0.94,71.1,0.13,0.425,1.71,0.27,0.39,0.85,109.4,8.14,0.75,5101,57,51.3,4,20500000,1779129020000000,1,97,20498612,20484888,20494081,1,15,5
2026-05-18 18:30:20,45.478017,9.227029,136.3,13,0.95,71.3,0.126,0.42,1.34,0.15,0.4,0.86,109.9,7.15,0.8,4992,53,47.1,4,21000000,1779129020500000,1,97,20997128,20972725,20993000,2,27,7
2026-05-18 18:30:21,45.478018,9.22703,136.3,13,0.95,70.7,0.12,0.415,1.62,0.35,0.41,0.86,110.3,8.04,0.76,4975,59,50.5,4,21500000,1779129021000000,1,98,21499077,21484255,21495241,0,15,4
2026-05-18 18:30:21,45.478018,9.227031,136.4,14,0.96,71.4,0.119,0.411,0.95,0.37,0.42,0.86,110.8,7.57,0.77,5033,54,51.2,4,22000000,1779129021500000,1,99,21997894,21982791,21992834,2,17,7
2026-05-18 18:30:22,45.478018,9.227032,136.4,14,0.96,71.9,0.117,0.426,1.6,0.33,0.43,0.87,111.3,7.8,0.72,5064,55,49.8,4,22500000,1779129022000000,1,98,22498355,22494484,22495026,1,5,4
2026-05-18 18:30:22,45.478019,9.227032,136.4,14,0.97,73.0,0.12,0.438,1.24,0.42,0.44,0.87,111.7,7.98,0.72,5267,57,54.0,4,23000000,1779129022500000,1,93,22997905,22973410,22997008,2,26,2
2026-05-18 18:30:23,45.478019,9.227033,136.5,14,0.97,72.7,0.104,0.429,2.0,0.48,0.45,0.87,112.2,7.61,0.83,5082,61,57.2,4,23500000,1779129023000000,1,97,23498408,23487490,23498112,1,12,1
2026-05-18 18:30:23,45.47802,9.227034,136.5,14,0.98,73.2,0.093,0.422,1.85,0.23,0.46,0.88,112.7,7.14,0.73,5265,58,49.7,4,24000000,1779129023500000,1,94,23997102,23989576,23997655,2,10,2
2026-05-18 18:30:24,45.47802,9.227035,136.5,14,0.98,74.1,0.09,0.414,1.33,0.61,0.47,0.88,113.1,7.58,0.75,5263,57,53.8,4,24500000,1779129024000000,1,92,24498790,24471260,24494962,1,28,5
2026-05-18 18:30:24,45.478021,9.227036,136.6,14,0.99,73.2,0.067,0.42,1.89,0.06,0.48,0.88,113.6,7.09,0.7,5217,60,51.6,4,25000000,1779129024500000,1,96,24999341,24986123,24994957,0,13,5
2026-05-18 18:30:25,45.478021,9.227036,136.6,14,0.99,72.7,0.057,0.385,1.61,0.47,0.49,0.89,114.1,7.09,0.74,5170,62,55.6,4,25500000,1779129025000000,1,97,25497726,25487768,25494924,2,12,5
2026-05-18 18:30:25,45.478022,9.227037,136.6,14,1.0,74.6,0.043,0.386,0.93,-0.0,0.49,0.89,114.5,7.37,0.73,5308,64,59.0,4,26000000,1779129025500000,1,100,25998854,25983000,25993472,1,17,6
2026-05-18 18:30:26,45.478022,9.227038,136.6,14,1.0,74.8,0.05,0.385,1.34,0.34,0.5,0.89,115.0,7.36,0.76,5374,59,54.5,4,26500000,1779129026000000,1,95,26497956,26483724,26494210,2,16,5
2026-05-18 18:30:26,45.478023,9.227039,136.7,14,1.01,74.2,0.039,0.369,1.76,0.24,0.51,0.89,115.4,6.38,0.71,5350,60,51.7,4,27000000,1779129026500000,1,94,26999274,26994444,26994655,0,5,5
2026-05-18 18:30:27,45.478023,9.22704,136.7,14,1.01,72.5,0.02,0.388,1.79,0.03,0.52,0.9,115.9,7.15,0.75,5326,55,49.4,4,27500000,1779129027000000,1,100,27497958,27478271,27492739,2,21,7
2026-05-18 18:30:27,45.478024,9.22704,136.7,14,1.02,73.4,0.028,0.366,1.68,0.43,0.53,0.9,116.3,6.84,0.74,5175,59,52.8,4,28000000,1779129027500000,1,94,27997927,27970290,27997884,2,29,2
2026-05-18 18:30:28,45.478024,9.227041,136.7,14,1.02,72.0,-0.0,0.369,1.69,-0.03,0.54,0.9,116.8,6.88,0.82,5231,57,52.9,4,28500000,1779129028000000,1,97,28497077,28483349,28497772,2,16,2
2026-05-18 18:30:28,45.478024,9.227042,136.8,14,1.03,71.5,0.006,0.365,1.28,0.18,0.55,0.9,117.2,6.22,0.82,5049,55,52.5,4,29000000,1779129028500000,1,98,28998595,28993403,28996560,1,6,3
2026-05-18 18:30:29,45.478025,9.227043,136.8,14,1.03,71.0,-0.027,0.338,1.32,-0.02,0.56,0.91,117.7,5.77,0.8,5083,60,51.6,4,29500000,1779129029000000,1,94,29498619,29478419,29492735,1,21,7
2026-05-18 18:30:29,45.478025,9.227043,136.8,14,1.04,73.1,-0.011,0.357,1.11,-0.31,0.57,0.91,118.1,6.26,0.78,5308,63,55.3,4,30000000,1779129029500000,1,95,29998161,29971078,29993674,1,28,6
2026-05-18 18:30:30,45.478026,9.227044,136.9,14,1.04,72.0,-0.031,0.353,1.04,-0.44,0.58,0.91,118.6,6.77,0.74,5037,54,50.3,4,30500000,1779129030000000,1,99,30497541,30493084,30495376,2,6,4
2026-05-18 18:30:30,45.478026,9.227045,136.9,14,1.05,72.6,-0.055,0.329,0.88,-0.28,0.58,0.91,119.0,6.05,0.82,5206,55,50.3,4,31000000,1779129030500000,1,95,30998888,30975017,30993861,1,24,6
2026-05-18 18:30:31,45.478027,9.227046,136.9,14,1.05,71.0,-0.065,0.318,0.78,-0.67,0.59,0.91,119.4,6.21,0.79,5007,61,52.1,4,31500000,1779129031000000,1,97,31497691,31487692,31493533,2,12,6
2026-05-18 18:30:31,45.478027,9.227047,136.9,14,1.05,72.9,-0.06,0.289,0.58,-0.52,0.6,0.92,119.9,4.93,0.8,5281,54,48.5,4,32000000,1779129031500000,1,95,31998562,31987475,31995286,1,12,4
2026-05-18 18:30:32,45.478028,9.227047,137.0,14,1.06,73.9,-0.075,0.301,1.3,-0.42,0.61,0.92,120.3,5.04,0.79,5321,55,51.3,4,32500000,1779129032000000,1,94,32497950,32483036,32493002,2,16,6
2026-05-18 18:30:32,45.478028,9.227048,137.0,14,1.06,71.9,-0.077,0.287,1.29,-0.49,0.62,0.92,120.8,5.25,0.82,5152,57,53.2,4,33000000,1779129032500000,1,95,32997529,32981575,32998876,2,18,1
2026-05-18 18:30:33,45.478029,9.227049,137.0,14,1.07,73.2,-0.091,0.251,0.58,-0.65,0.63,0.92,121.2,4.1,0.77,5331,57,49.6,4,33500000,1779129033000000,1,96,33497292,33471781,33498906,2,28,1
2026-05-18 18:30:33,45.478029,9.22705,137.0,14,1.07,71.2,-0.102,0.25,0.53,-0.8,0.64,0.92,121.6,4.18,0.81,5238,59,53.4,4,34000000,1779129033500000,1,95,33997144,33988077,33993563,2,11,6
2026-05-18 18:30:34,45.478029,9.22705,137.1,14,1.08,71.2,-0.119,0.246,1.11,-0.12,0.64,0.93,122.1,4.41,0.83,5121,55,47.1,4,34500000,1779129034000000,1,98,34498714,34479599,34493373,1,20,6
2026-05-18 18:30:34,45.47803,9.227051,137.1,14,1.08,70.0,-0.126,0.216,0.71,-0.17,0.65,0.93,122.5,3.41,0.73,5194,57,49.1,4,35000000,1779129034500000,1,99,34998827,34989281,34997576,1,10,2
2026-05-18 18:30:35,45.47803,9.227052,137.1,14,1.08,71.8,-0.118,0.204,0.26,-0.83,0.66,0.93,122.9,4.09,0.78,5200,55,48.7,4,35500000,1779129035000000,1,100,35497967,35470925,35493967,2,29,6
2026-05-18 18:30:35,45.478031,9.227053,137.1,14,1.09,72.7,-0.142,0.192,1.05,-0.21,0.67,0.93,123.3,3.89,0.73,5235,57,49.9,4,36000000,1779129035500000,1,100,35998843,35993196,35993606,1,6,6
2026-05-18 18:30:36,45.478031,9.227054,137.2,14,1.09,71.3,-0.134,0.204,0.77,-0.84,0.68,0.93,123.8,3.5,0.76,5206,53,46.2,4,36500000,1779129036000000,1,93,36498734,36480651,36495415,1,19,4
2026-05-18 18:30:36,45.478032,9.227054,137.2,14,1.1,70.7,-0.144,0.195,0.71,-0.8,0.69,0.93,124.2,3.78,0.77,5133,61,55.8,4,37000000,1779129036500000,1,97,36997989,36977674,36993144,2,22,6
2026-05-18 18:30:37,45.478032,9.227055,137.2,14,1.1,70.1,-0.149,0.162,0.45,-0.57,0.69,0.94,124.6,2.5,0.78,5109,55,47.9,4,37500000,1779129037000000,1,97,37497017,37471025,37493880,2,28,6
2026-05-18 18:30:37,45.478033,9.227056,137.2,14,1.1,68.8,-0.157,0.138,0.97,-0.38,0.7,0.94,125.0,2.09,0.74,4953,53,48.8,4,38000000,1779129037500000,1,93,37997817,37992572,37998885,2,7,1
2026-05-18 18:30:38,45.478033,9.227057,137.2,14,1.11,69.7,-0.169,0.131,0.28,-0.4,0.71,0.94,125.4,2.92,0.81,5025,54,50.8,4,38500000,1779129038000000,1,97,38497779,38491086,38492099,2,8,7
2026-05-18 18:30:38,45.478033,9.227057,137.3,14,1.11,68.3,-0.149,0.125,0.58,-0.25,0.72,0.94,125.9,1.88,0.8,4909,52,46.2,4,39000000,1779129038500000,1,97,38999118,38988031,38997894,0,11,2
2026-05-18 18:30:39,45.478034,9.227058,137.3,14,1.11,68.9,-0.177,0.114,0.61,-0.97,0.73,0.94,126.3,1.68,0.75,4890,53,47.0,4,39500000,1779129039000000,1,94,39498373,39480034,39497993,1,19,2
2026-05-18 18:30:39,45.478034,9.227059,137.3,14,1.12,68.6,-0.18,0.073,-0.22,-0.47,0.73,0.94,126.7,1.06,0.83,4826,53,48.1,4,40000000,1779129039500000,1,99,39998790,39988728,39993380,1,11,6
2026-05-18 18:30:40,45.478035,9.22706,137.3,14,1.12,69.1,-0.176,0.094,-0.07,-1.12,0.74,0.94,127.1,2.17,0.75,5011,51,46.3,4,40500000,1779129040000000,1,98,40497916,40479883,40495076,2,20,4
2026-05-18 18:30:40,45.478035,9.22706,137.3,14,1.12,69.6,-0.175,0.062,0.08,-1.08,0.75,0.94,127.5,1.48,0.73,5127,59,54.7,4,41000000,1779129040500000,1,100,40997198,40972225,40993451,2,27,6
2026-05-18 18:30:41,45.478036,9.227061,137.4,14,1.13,69.0,-0.165,0.056,-0.13,-0.62,0.76,0.94,127.9,0.61,0.77,4900,54,49.0,4,41500000,1779129041000000,1,98,41499371,41489833,41494956,0,10,5
2026-05-18 18:30:41,45.478036,9.227062,137.4,14,1.13,69.4,-0.187,0.013,0.44,-0.82,0.77,0.95,128.3,-0.08,0.76,4881,58,52.7,4,42000000,1779129041500000,1,92,41999291,41986311,41995465,0,13,4
2026-05-18 18:30:42,45.478036,9.227062,137.4,14,1.13,68.5,-0.187,0.026,-0.33,-0.7,0.77,0.95,128.7,1.02,0.77,5002,53,48.2,4,42500000,1779129042000000,1,98,42497911,42492786,42492583,2,7,7
2026-05-18 18:30:42,45.478037,9.227063,137.4,14,1.14,68.4,-0.172,-0.0,-0.42,-0.66,0.78,0.95,129.1,-0.33,0.8,4983,53,46.6,4,43000000,1779129042500000,1,93,42997772,42993552,42998201,2,6,1
2026-05-18 18:30:43,45.478037,9.227064,137.4,14,1.14,68.0,-0.166,-0.009,-0.29,-0.35,0.79,0.95,129.5,0.02,0.81,5062,54,47.3,4,43500000,1779129043000000,1,95,43498460,43485998,43496596,1,14,3
2026-05-18 18:30:43,45.478038,9.227065,137.5,14,1.14,66.2,-0.186,-0.051,-0.42,-1.03,0.8,0.95,129.9,-0.45,0.82,4949,55,49.4,4,44000000,1779129043500000,1,100,43998046,43983734,43997294,1,16,2
2026-05-18 18:30:44,45.478038,9.227065,137.5,14,1.15,66.7,-0.173,-0.032,0.15,-0.61,0.8,0.95,130.3,-0.49,0.73,4874,53,44.8,4,44500000,1779129044000000,1,100,44497167,44488789,44497116,2,11,2
2026-05-18 18:30:44,45.478039,9.227066,137.5,14,1.15,66.4,-0.178,-0.058,0.0,-1.11,0.81,0.95,130.7,-0.6,0.76,4836,57,51.3,4,45000000,1779129044500000,1,99,44999474,44977175,44996409,0,22,3
2026-05-18 18:30:45,45.478039,9.227067,137.5,14,1.15,65.7,-0.179,-0.067,-0.58,-1.05,0.82,0.95,131.1,-1.32,0.71,4755,52,46.4,4,45500000,1779129045000000,1,92,45497271,45479350,45494025,2,20,5
2026-05-18 18:30:45,45.478039,9.227068,137.5,14,1.15,63.4,-0.178,-0.081,-0.44,-0.49,0.83,0.95,131.5,-1.05,0.71,4654,52,47.2,3,46000000,1779129045500000,1,94,45997671,45981714,45996767,2,18,3
2026-05-18 18:30:46,45.47804,9.227068,137.6,14,1.16,64.1,-0.163,-0.093,-0.55,-0.9,0.83,0.95,131.9,-1.85,0.72,4786,55,49.9,3,46500000,1779129046000000,1,96,46499274,46470344,46498372,0,29,1
2026-05-18 18:30:46,45.47804,9.227069,137.6,14,1.16,61.4,-0.172,-0.143,-0.88,-0.93,0.84,0.95,132.3,-3.08,0.77,4506,47,42.1,3,47000000,1779129046500000,1,100,46999165,46982865,46999000,0,17,1
2026-05-18 18:30:47,45.478041,9.22707,137.6,14,1.16,62.3,-0.166,-0.156,-0.16,-0.99,0.85,0.95,132.6,-2.45,0.74,4664,48,41.9,3,47500000,1779129047000000,1,95,47499403,47489088,47493542,0,10,6
2026-05-18 18:30:47,45.478041,9.22707,137.6,14,1.16,62.3,-0.148,-0.135,-0.89,-0.76,0.85,0.95,133.0,-2.8,0.81,4585,53,47.3,3,48000000,1779129047500000,1,98,47999164,47992535,47994778,0,7,5
2026-05-18 18:30:48,45.478041,9.227071,137.6,14,1.17,60.5,-0.153,-0.174,-1.09,-0.73,0.86,0.95,133.4,-2.85,0.8,4618,52,48.1,3,48500000,1779129048000000,1,100,48497993,48471079,48497716,2,28,2
2026-05-18 18:30:48,45.478042,9.227072,137.6,14,1.17,62.0,-0.148,-0.19,-0.75,-0.7,0.87,0.95,133.8,-3.4,0.76,4604,50,45.2,3,49000000,1779129048500000,1,98,48997231,48989963,48993575,2,10,6
2026-05-18 18:30:49,45.478042,9.227072,137.7,14,1.17,61.2,-0.135,-0.177,-0.48,-0.33,0.87,0.95,134.2,-2.75,0.71,4519,50,42.5,3,49500000,1779129049000000,1,97,49498284,49473104,49495742,1,26,4
2026-05-18 18:30:49,45.478042,9.227073,137.7,14,1.17,61.2,-0.132,-0.213,-0.43,-0.21,0.88,0.95,134.5,-3.99,0.72,4622,50,44.2,3,50000000,1779129049500000,1,94,49997365,49970893,49993943,2,29,6
2026-05-18 18:30:50,45.478043,9.227073,137.7,14,1.17,59.5,-0.129,-0.219,-0.6,-0.35,0.89,0.95,134.9,-4.31,0.74,4382,50,44.8,3,50500000,1779129050000000,1,95,50497212,50488720,50498807,2,11,1
2026-05-18 18:30:50,45.478043,9.227074,137.7,14,1.18,59.5,-0.112,-0.24,-1.23,-0.63,0.89,0.95,135.3,-4.05,0.83,4351,50,42.5,3,51000000,1779129050500000,1,94,50998836,50985292,50993155,1,14,6
2026-05-18 18:30:51,45.478044,9.227075,137.7,14,1.18,57.9,-0.118,-0.261,-0.94,-0.74,0.9,0.95,135.6,-4.38,0.73,4446,45,39.1,3,51500000,1779129051000000,1,95,51498788,51473001,51498307,1,26,1
2026-05-18 18:30:51,45.478044,9.227075,137.7,14,1.18,58.5,-0.105,-0.281,-0.88,-0.52,0.91,0.95,136.0,-4.71,0.81,4537,49,42.2,3,52000000,1779129051500000,1,100,51997192,51987896,51993357,2,12,6
2026-05-18 18:30:52,45.478044,9.227076,137.7,14,1.18,56.8,-0.102,-0.284,-1.24,-0.77,0.91,0.95,136.4,-5.18,0.72,4453,43,37.4,3,52500000,1779129052000000,1,98,52497691,52475373,52495751,2,24,4
2026-05-18 18:30:52,45.478045,9.227077,137.8,14,1.18,55.7,-0.071,-0.3,-1.4,-0.06,0.92,0.95,136.7,-4.91,0.77,4330,46,41.5,3,53000000,1779129052500000,1,96,52998421,52993330,52998948,1,6,1
2026-05-18 18:30:53,45.478045,9.227077,137.8,14,1.18,58.2,-0.075,-0.299,-0.69,0.06,0.93,0.95,137.1,-5.06,0.77,4524,44,41.9,3,53500000,1779129053000000,1,95,53497204,53490874,53495022,2,9,4
2026-05-18 18:30:53,45.478045,9.227078,137.8,14,1.19,55.6,-0.06,-0.305,-1.08,-0.12,0.93,0.94,137.4,-5.95,0.83,4379,46,38.7,3,54000000,1779129053500000,1,97,53999011,53980176,53995260,0,19,4
2026-05-18 18:30:54,45.478046,9.227078,137.8,14,1.19,54.3,-0.05,-0.305,-1.29,-0.11,0.94,0.94,137.8,-5.64,0.72,4118,38,34.2,3,54500000,1779129054000000,1,97,54499460,54470886,54496454,0,29,3
2026-05-18 18:30:54,45.478046,9.227079,137.8,14,1.19,54.4,-0.03,-0.324,-1.54,-0.02,0.95,0.94,138.1,-5.4,0.78,4152,48,44.8,3,55000000,1779129054500000,1,92,54998431,54989098,54992924,1,10,7
2026-05-18 18:30:55,45.478046,9.22708,137.8,14,1.19,55.6,-0.017,-0.35,-1.33,0.17,0.95,0.94,138.5,-6.5,0.79,4157,41,35.4,3,55500000,1779129055000000,1,95,55497901,55479726,55498448,2,20,1
2026-05-18 18:30:55,45.478047,9.22708,137.8,14,1.19,52.5,-0.023,-0.328,-1.03,0.12,0.96,0.94,138.8,-5.49,0.83,4012,39,36.2,3,56000000,1779129055500000,1,99,55998015,55986118,55997315,1,13,2
2026-05-18 18:30:56,45.478047,9.227081,137.8,14,1.19,54.2,-0.004,-0.351,-1.5,0.32,0.96,0.94,139.2,-6.07,0.76,4225,43,38.2,3,56500000,1779129056000000,1,96,56499238,56473356,56497681,0,26,2
2026-05-18 18:30:56,45.478047,9.227081,137.9,14,1.19,51.5,0.008,-0.352,-1.56,-0.19,0.97,0.94,139.5,-6.11,0.76,4157,45,42.4,3,57000000,1779129056500000,1,94,56997570,56974474,56998750,2,25,1
2026-05-18 18:30:57,45.478048,9.227082,137.9,14,1.19,53.7,-0.001,-0.363,-0.82,0.19,0.98,0.94,139.9,-6.85,0.76,4253,42,36.1,3,57500000,1779129057000000,1,99,57497437,57481582,57498730,2,18,1
2026-05-18 18:30:57,45.478048,9.227082,137.9,13,1.2,51.3,0.007,-0.374,-1.14,-0.22,0.98,0.94,140.2,-6.21,0.8,4075,43,38.0,3,58000000,1779129057500000,1,95,57998537,57987374,57995866,1,12,4
2026-05-18 18:30:58,45.478048,9.227083,137.9,13,1.2,53.7,0.014,-0.387,-1.69,-0.27,0.99,0.93,140.6,-7.41,0.76,4176,46,38.9,3,58500000,1779129058000000,1,99,58498891,58494718,58495203,1,5,4
2026-05-18 18:30:58,45.478049,9.227084,137.9,13,1.2,51.6,0.031,-0.401,-1.85,-0.06,0.99,0.93,140.9,-7.37,0.73,3929,43,37.1,3,59000000,1779129058500000,1,97,58998590,58973392,58992963,1,26,7
2026-05-18 18:30:59,45.478049,9.227084,137.9,13,1.2,49.5,0.054,-0.385,-0.97,0.5,1.0,0.93,141.2,-7.41,0.72,4071,34,31.7,3,59500000,1779129059000000,1,92,59498852,59491109,59495908,1,8,4
2026-05-18 18:30:59,45.478049,9.227085,137.9,13,1.2,48.5,0.053,-0.412,-1.56,-0.1,1.0,0.93,141.6,-7.35,0.81,3945,43,38.5,3,60000000,1779129059500000,1,94,59997175,59973949,59997021,2,26,2
2026-05-18 18:31:00,45.47805,9.227085,137.9,13,1.2,48.7,0.064,-0.413,-0.96,0.47,1.01,0.93,141.9,-7.26,0.73,3893,40,33.1,3,60500000,1779129060000000,1,98,60498731,60484278,60494541,1,15,5
2026-05-18 18:31:00,45.47805,9.227086,137.9,13,1.2,47.9,0.077,-0.398,-0.93,0.33,1.02,0.93,142.2,-7.53,0.75,3847,35,30.4,3,61000000,1779129060500000,1,98,60997456,60989536,60992859,2,10,7
2026-05-18 18:31:01,45.47805,9.227086,137.9,13,1.2,49.9,0.086,-0.397,-0.98,0.4,1.02,0.92,142.6,-7.48,0.75,3981,35,34.0,3,61500000,1779129061000000,1,93,61497594,61487045,61497817,2,12,2
2026-05-18 18:31:01,45.478051,9.227087,137.9,13,1.2,47.8,0.092,-0.404,-1.68,0.16,1.03,0.92,142.9,-6.98,0.76,3701,34,29.2,3,62000000,1779129061500000,1,93,61999171,61992863,61994404,0,7,5
2026-05-18 18:31:02,45.478051,9.227087,137.9,13,1.2,49.0,0.108,-0.431,-1.45,0.68,1.03,0.92,143.2,-7.88,0.81,3779,38,33.3,3,62500000,1779129062000000,1,100,62498884,62478282,62492105,1,21,7
2026-05-18 18:31:02,45.478051,9.227088,138.0,13,1.2,46.5,0.124,-0.416,-1.41,0.57,1.04,0.92,143.5,-7.51,0.71,3831,32,28.5,3,63000000,1779129062500000,1,94,62997095,62994322,62993175,2,5,6
2026-05-18 18:31:03,45.478052,9.227088,138.0,13,1.2,48.3,0.106,-0.401,-0.97,0.18,1.04,0.92,143.8,-7.81,0.75,3712,36,35.0,3,63500000,1779129063000000,1,99,63497665,63479376,63496487,2,20,3
2026-05-18 18:31:03,45.478052,9.227089,138.0,13,1.2,47.8,0.119,-0.422,-1.9,0.35,1.05,0.91,144.2,-7.02,0.74,3756,35,32.2,3,64000000,1779129063500000,1,99,63997239,63988585,63995407,2,11,4
2026-05-18 18:31:04,45.478052,9.227089,138.0,13,1.2,45.5,0.124,-0.407,-1.2,0.2,1.05,0.91,144.5,-6.77,0.73,3748,32,28.5,3,64500000,1779129064000000,1,100,64497673,64487291,64493216,2,12,6
2026-05-18 18:31:04,45.478052,9.22709,138.0,13,1.2,44.8,0.133,-0.425,-1.76,0.79,1.06,0.91,144.8,-7.31,0.77,3678,35,31.4,3,65000000,1779129064500000,1,94,64999316,64989203,64998489,0,10,1
2026-05-18 18:31:05,45.478053,9.22709,138.0,13,1.2,43.3,0.143,-0.405,-1.13,0.96,1.06,0.91,145.1,-7.3,0.82,3698,36,29.8,3,65500000,1779129065000000,1,93,65498252,65485084,65497162,1,14,2
2026-05-18 18:31:05,45.478053,9.227091,138.0,12,1.2,46.3,0.143,-0.415,-1.94,0.21,1.06,0.9,145.4,-7.74,0.74,3780,38,34.2,3,66000000,1779129065500000,1,97,65997199,65986768,65993064,2,13,6
2026-05-18 18:31:06,45.478053,9.227091,138.0,12,1.2,42.7,0.168,-0.422,-1.65,0.32,1.07,0.9,145.7,-7.52,0.8,3532,29,28.0,3,66500000,1779129066000000,1,92,66499425,66488845,66492161,0,11,7
2026-05-18 18:31:06,45.478053,9.227092,138.0,12,1.2,44.0,0.16,-0.405,-1.69,0.27,1.07,0.9,146.0,-7.75,0.73,3549,32,26.1,3,67000000,1779129066500000,1,97,66999345,66975619,66998840,0,24,1
2026-05-18 18:31:07,45.478054,9.227092,138.0,12,1.2,43.9,0.165,-0.422,-1.45,0.69,1.08,0.9,146.3,-7.65,0.72,3473,37,32.9,3,67500000,1779129067000000,1,92,67497899,67494390,67493936,2,5,6
2026-05-18 18:31:07,45.478054,9.227093,138.0,12,1.2,42.3,0.154,-0.399,-1.56,0.67,1.08,0.89,146.6,-7.77,0.79,3664,36,34.2,3,68000000,1779129067500000,1,100,67999268,67986866,67992241,0,13,7
2026-05-18 18:31:08,45.478054,9.227093,138.0,12,1.2,44.6,0.168,-0.38,-1.17,1.0,1.09,0.89,146.9,-6.75,0.8,3584,36,30.2,3,68500000,1779129068000000,1,93,68498201,68484930,68498480,1,15,1
2026-05-18 18:31:08,45.478055,9.227094,138.0,12,1.19,42.2,0.163,-0.41,-1.28,0.5,1.09,0.89,147.2,-7.44,0.73,3575,37,35.6,3,69000000,1779129068500000,1,95,68998314,68989482,68992041,1,10,7
2026-05-18 18:31:09,45.478055,9.227094,138.0,12,1.19,43.7,0.183,-0.391,-1.14,0.8,1.1,0.89,147.5,-6.89,0.75,3581,39,35.9,3,69500000,1779129069000000,1,92,69497052,69492510,69494001,2,7,5
2026-05-18 18:31:09,45.478055,9.227094,138.0,12,1.19,40.9,0.165,-0.378,-1.37,0.76,1.1,0.88,147.8,-7.08,0.8,3528,37,33.0,3,70000000,1779129069500000,1,94,69998500,69976058,69994546,1,23,5
2026-05-18 18:31:10,45.478055,9.227095,138.0,12,1.19,43.3,0.169,-0.368,-1.7,0.61,1.1,0.88,148.1,-6.61,0.81,3553,33,32.5,3,70500000,1779129070000000,1,98,70497739,70486154,70497805,2,13,2
2026-05-18 18:31:10,45.478056,9.227095,138.0,12,1.19,39.9,0.173,-0.371,-1.27,0.79,1.11,0.88,148.4,-6.69,0.76,3322,28,23.0,2,71000000,1779129070500000,1,98,70997053,70971018,70994547,2,28,5
2026-05-18 18:31:11,45.478056,9.227096,138.0,12,1.19,39.0,0.169,-0.374,-1.41,0.4,1.11,0.87,148.7,-6.54,0.77,3316,26,21.8,2,71500000,1779129071000000,1,98,71499174,71491200,71495310,0,8,4
2026-05-18 18:31:11,45.478056,9.227096,138.0,12,1.19,39.6,0.192,-0.361,-1.41,0.84,1.11,0.87,149.0,-6.06,0.8,3353,27,22.2,2,72000000,1779129071500000,1,100,71998420,71973256,71997304,1,26,2
2026-05-18 18:31:12,45.478056,9.227097,138.0,12,1.19,38.8,0.179,-0.361,-0.78,0.48,1.12,0.87,149.2,-6.49,0.78,3413,32,30.1,2,72500000,1779129072000000,1,99,72499258,72485358,72498372,0,14,1
2026-05-18 18:31:12,45.478057,9.227097,138.0,11,1.19,41.3,0.191,-0.327,-0.91,0.91,1.12,0.87,149.5,-6.22,0.82,3412,34,32.1,3,73000000,1779129072500000,1,98,72998624,72979860,72995914,1,20,4
2026-05-18 18:31:13,45.478057,9.227098,138.0,11,1.18,40.2,0.184,-0.307,-1.34,1.14,1.13,0.86,149.8,-4.98,0.79,3273,35,31.5,3,73500000,1779129073000000,1,95,73498308,73478777,73492502,1,21,7
2026-05-18 18:31:13,45.478057,9.227098,138.0,11,1.18,37.8,0.168,-0.319,-0.9,0.45,1.13,0.86,150.1,-5.55,0.72,3176,35,32.7,2,74000000,1779129073500000,1,99,73998770,73981220,73996570,1,18,3
2026-05-18 18:31:14,45.478057,9.227098,138.0,11,1.18,39.3,0.172,-0.289,-0.69,0.46,1.13,0.86,150.4,-5.24,0.73,3219,35,29.4,2,74500000,1779129074000000,1,97,74497138,74481866,74497880,2,18,2
2026-05-18 18:31:14,45.478058,9.227099,138.0,11,1.18,39.8,0.153,-0.301,-1.13,0.94,1.14,0.85,150.6,-5.8,0.81,3536,30,26.6,2,75000000,1779129074500000,1,95,74998052,74981067,74995053,1,18,4
2026-05-18 18:31:15,45.478058,9.227099,138.0,11,1.18,37.0,0.155,-0.291,-1.18,0.34,1.14,0.85,150.9,-4.97,0.73,3172,27,23.3,2,75500000,1779129075000000,1,93,75497933,75489251,75494830,2,10,5
2026-05-18 18:31:15,45.478058,9.2271,138.0,11,1.18,37.5,0.169,-0.257,-1.32,0.6,1.14,0.85,151.2,-4.43,0.83,3400,28,24.2,2,76000000,1779129075500000,1,98,75997588,75975074,75992170,2,24,7
2026-05-18 18:31:16,45.478058,9.2271,138.0,11,1.17,38.6,0.154,-0.273,-0.57,0.54,1.14,0.84,151.4,-5.44,0.78,3191,29,23.7,2,76500000,1779129076000000,1,93,76497009,76474719,76492820,2,25,7
2026-05-18 18:31:16,45.478059,9.2271,138.0,11,1.17,37.1,0.144,-0.241,-0.73,0.76,1.15,0.84,151.7,-4.79,0.79,3319,32,29.5,2,77000000,1779129076500000,1,100,76997694,76989216,76995718,2,10,4
2026-05-18 18:31:17,45.478059,9.227101,138.0,11,1.17,39.2,0.15,-0.229,-0.8,0.36,1.15,0.84,152.0,-3.93,0.71,3318,35,30.1,2,77500000,1779129077000000,1,98,77499447,77476638,77492806,0,23,7
2026-05-18 18:31:17,45.478059,9.227101,138.0,11,1.17,37.7,0.131,-0.225,-1.27,0.67,1.15,0.83,152.3,-4.15,0.74,3145,26,23.4,2,78000000,1779129077500000,1,98,77997891,77981333,77995316,2,18,4
2026-05-18 18:31:18,45.478059,9.227102,138.0,11,1.16,37.0,0.125,-0.207,-0.98,0.23,1.16,0.83,152.5,-3.37,0.78,3195,25,21.5,2,78500000,1779129078000000,1,94,78497572,78482646,78494517,2,17,5
2026-05-18 18:31:18,45.47806,9.227102,138.0,11,1.16,37.4,0.131,-0.19,-0.29,0.67,1.16,0.83,152.8,-3.01,0.82,3327,28,22.6,2,79000000,1779129078500000,1,94,78997557,78970453,78997204,2,29,2
2026-05-18 18:31:19,45.47806,9.227102,137.9,11,1.16,38.0,0.114,-0.184,-1.11,0.41,1.16,0.82,153.0,-3.51,0.77,3329,26,25.1,2,79500000,1779129079000000,1,94,79498810,79473702,79496273,1,26,3
2026-05-18 18:31:19,45.47806,9.227103,137.9,11,1.16,37.0,0.115,-0.161,-0.85,0.62,1.16,0.82,153.3,-2.98,0.7,3182,26,21.1,2,80000000,1779129079500000,1,99,79997383,79973919,79993178,2,26,6
2026-05-18 18:31:20,45.47806,9.227103,137.9,11,1.15,37.4,0.077,-0.159,-1.03,0.61,1.17,0.81,153.6,-2.96,0.71,3125,30,26.0,2,80500000,1779129080000000,1,96,80497802,80490363,80497843,2,9,2
2026-05-18 18:31:20,45.47806,9.227104,137.9,11,1.15,38.5,0.095,-0.151,-0.53,0.79,1.17,0.81,153.8,-2.63,0.79,3386,31,25.6,2,81000000,1779129080500000,1,99,80997325,80989697,80995810,2,10,4
2026-05-18 18:31:21,45.478061,9.227104,137.9,11,1.15,36.3,0.088,-0.119,-0.32,0.67,1.17,0.81,154.1,-1.64,0.76,3268,30,26.1,2,81500000,1779129081000000,1,99,81498942,81492064,81494093,1,7,5
2026-05-18 18:31:21,45.478061,9.227104,137.9,11,1.15,35.1,0.08,-0.087,-0.67,-0.01,1.17,0.8,154.3,-1.81,0.79,3238,25,21.8,2,82000000,1779129081500000,1,94,81997590,81972332,81998273,2,27,1
2026-05-18 18:31:22,45.478061,9.227105,137.9,11,1.14,35.8,0.064,-0.086,-0.42,0.56,1.18,0.8,154.6,-1.53,0.79,3128,33,32.6,2,82500000,1779129082000000,1,94,82497514,82473246,82494792,2,26,5
2026-05-18 18:31:22,45.478061,9.227105,137.9,11,1.14,35.1,0.046,-0.089,-0.16,0.19,1.18,0.8,154.8,-1.95,0.83,3071,24,20.8,2,83000000,1779129082500000,1,98,82997241,82986044,82997005,2,13,2
2026-05-18 18:31:23,45.478062,9.227106,137.9,11,1.14,38.8,0.048,-0.045,0.15,0.47,1.18,0.79,155.1,-0.34,0.76,3352,26,21.4,2,83500000,1779129083000000,1,93,83499376,83484492,83492236,0,15,7
2026-05-18 18:31:23,45.478062,9.227106,137.9,11,1.13,36.7,0.013,-0.036,0.2,-0.09,1.18,0.79,155.3,-0.11,0.76,3223,32,29.7,2,84000000,1779129083500000,1,96,83998297,83972551,83997573,1,27,2
2026-05-18 18:31:24,45.478062,9.227106,137.9,11,1.13,36.2,0.005,-0.01,0.12,0.32,1.18,0.78,155.6,0.28,0.81,3041,31,28.9,2,84500000,1779129084000000,1,100,84497607,84481801,84496152,2,18,3
2026-05-18 18:31:24,45.478062,9.227107,137.9,11,1.13,37.1,0.011,-0.022,0.3,-0.29,1.18,0.78,155.8,-0.78,0.74,3152,34,32.0,2,85000000,1779129084500000,1,98,84998595,84977380,84997243,1,22,2
2026-05-18 18:31:25,45.478063,9.227107,137.8,12,1.13,38.8,-0.008,0.024,0.47,-0.3,1.19,0.78,156.0,0.39,0.82,3280,29,25.1,2,85500000,1779129085000000,1,95,85497735,85480578,85498655,2,19,1
2026-05-18 18:31:25,45.478063,9.227108,137.8,12,1.12,37.7,-0.029,0.001,0.2,0.09,1.19,0.77,156.3,-0.17,0.74,3339,32,27.2,2,86000000,1779129085500000,1,93,85998747,85987039,85997504,1,12,2
2026-05-18 18:31:26,45.478063,9.227108,137.8,12,1.12,36.2,-0.023,0.025,-0.28,-0.48,1.19,0.77,156.5,0.54,0.73,3105,29,26.7,2,86500000,1779129086000000,1,95,86497971,86482614,86494889,2,17,5
2026-05-18 18:31:26,45.478063,9.227108,137.8,12,1.11,38.2,-0.031,0.071,0.65,-0.53,1.19,0.76,156.8,1.73,0.78,3178,30,24.7,2,87000000,1779129086500000,1,95,86997892,86976582,86998928,2,23,1
2026-05-18 18:31:27,45.478064,9.227109,137.8,12,1.11,38.5,-0.033,0.049,-0.24,-0.24,1.19,0.76,157.0,0.96,0.76,3288,30,28.5,2,87500000,1779129087000000,1,96,87499426,87488167,87495652,0,11,4
2026-05-18 18:31:27,45.478064,9.227109,137.8,12,1.11,37.7,-0.049,0.101,0.36,-0.51,1.19,0.76,157.2,2.29,0.75,3420,33,32.0,2,88000000,1779129087500000,1,95,87999094,87978894,87992391,0,21,7
2026-05-18 18:31:28,45.478064,9.22711,137.8,12,1.1,38.9,-0.075,0.087,-0.06,-0.14,1.19,0.75,157.5,1.03,0.79,3402,28,27.1,2,88500000,1779129088000000,1,95,88498577,88487924,88495713,1,12,4
2026-05-18 18:31:28,45.478064,9.22711,137.8,12,1.1,38.0,-0.075,0.106,0.62,-0.17,1.19,0.75,157.7,2.47,0.82,3413,26,24.2,2,89000000,1779129088500000,1,95,88998581,88972763,88995666,1,27,4
2026-05-18 18:31:29,45.478064,9.227111,137.8,12,1.1,37.0,-0.076,0.116,-0.01,-0.05,1.2,0.74,157.9,1.86,0.77,3316,27,24.9,2,89500000,1779129089000000,1,95,89497005,89472066,89497319,2,27,2
2026-05-18 18:31:29,45.478065,9.227111,137.7,12,1.09,37.3,-0.08,0.137,0.32,-0.23,1.2,0.74,158.2,2.73,0.79,3192,33,29.4,2,90000000,1779129089500000,1,93,89998810,89988263,89994450,1,11,5
2026-05-18 18:31:30,45.478065,9.227111,137.7,12,1.09,39.8,-0.106,0.168,0.22,-0.71,1.2,0.74,158.4,2.76,0.73,3406,32,28.5,2,90500000,1779129090000000,1,95,90498570,90493762,90493470,1,6,6
2026-05-18 18:31:30,45.478065,9.227112,137.7,12,1.09,39.4,-0.117,0.172,0.25,-0.77,1.2,0.73,158.6,3.69,0.82,3242,33,26.9,2,91000000,1779129090500000,1,99,90997332,90987081,90996416,2,12,3
2026-05-18 18:31:31,45.478065,9.227112,137.7,12,1.08,41.1,-0.101,0.195,1.02,-0.65,1.2,0.73,158.9,3.89,0.83,3325,33,31.9,3,91500000,1779129091000000,1,99,91497332,91494482,91497791,2,5,2
2026-05-18 18:31:31,45.478066,9.227113,137.7,12,1.08,39.8,-0.136,0.219,0.83,-0.83,1.2,0.72,159.1,4.53,0.83,3532,34,31.1,2,92000000,1779129091500000,1,95,91998773,91990941,91997033,1,9,2
2026-05-18 18:31:32,45.478066,9.227113,137.7,13,1.07,40.2,-0.116,0.208,0.56,-0.42,1.2,0.72,159.3,3.92,0.74,3276,32,31.4,3,92500000,1779129092000000,1,97,92499457,92472169,92498383,0,27,1
2026-05-18 18:31:32,45.478066,9.227114,137.7,13,1.07,41.4,-0.146,0.216,0.44,-0.48,1.2,0.71,159.5,3.53,0.82,3398,30,26.8,3,93000000,1779129092500000,1,100,92999303,92977581,92996482,0,22,3
2026-05-18 18:31:33,45.478066,9.227114,137.6,13,1.06,42.0,-0.134,0.227,0.93,-0.62,1.2,0.71,159.8,4.38,0.8,3360,33,29.7,3,93500000,1779129093000000,1,100,93498623,93472093,93498301,1,27,1
2026-05-18 18:31:33,45.478067,9.227114,137.6,13,1.06,39.5,-0.139,0.255,0.54,-0.44,1.2,0.71,160.0,4.67,0.73,3312,27,23.9,2,94000000,1779129093500000,1,95,93997358,93972161,93993092,2,27,6
2026-05-18 18:31:34,45.478067,9.227115,137.6,13,1.06,41.8,-0.164,0.28,0.67,-0.63,1.2,0.7,160.2,5.58,0.78,3644,37,33.5,3,94500000,1779129094000000,1,93,94497847,94474877,94494640,2,25,5
2026-05-18 18:31:34,45.478067,9.227115,137.6,13,1.05,42.3,-0.171,0.288,1.0,-1.04,1.2,0.7,160.4,5.36,0.75,3515,34,33.3,3,95000000,1779129094500000,1,93,94999408,94980141,94995863,0,19,4
2026-05-18 18:31:35,45.478068,9.227116,137.6,13,1.05,42.7,-0.157,0.293,1.46,-0.28,1.2,0.71,160.6,5.13,0.79,3692,29,28.7,3,95500000,1779129095000000,1,98,95498218,95487930,95492430,1,12,7
2026-05-18 18:31:35,45.478068,9.227116,137.6,13,1.04,40.1,-0.16,0.283,0.62,-0.41,1.2,0.71,160.9,5.49,0.75,3428,29,26.3,3,96000000,1779129095500000,1,94,95997582,95993212,95993966,2,6,6
2026-05-18 18:31:36,45.478068,9.227117,137.5,13,1.04,43.1,-0.182,0.325,1.43,-0.88,1.2,0.71,161.1,5.37,0.73,3500,33,31.3,3,96500000,1779129096000000,1,94,96497087,96470344,96496813,2,29,3
2026-05-18 18:31:36,45.478068,9.227117,137.5,13,1.03,43.0,-0.179,0.327,1.58,-0.6,1.2,0.72,161.3,6.13,0.81,3622,39,35.6,3,97000000,1779129096500000,1,96,96998486,96993641,96995687,1,6,4
2026-05-18 18:31:37,45.478069,9.227118,137.5,13,1.03,44.4,-0.181,0.337,1.3,-1.15,1.2,0.72,161.5,5.99,0.77,3725,39,35.6,3,97500000,1779129097000000,1,98,97498145,97488719,97498959,1,11,1
2026-05-18 18:31:37,45.478069,9.227118,137.5,13,1.02,44.7,-0.178,0.339,0.7,-0.99,1.2,0.73,161.7,6.36,0.82,3584,33,28.6,3,98000000,1779129097500000,1,93,97997398,97970251,97997836,2,29,2
2026-05-18 18:31:38,45.478069,9.227119,137.5,13,1.02,45.6,-0.19,0.334,1.48,-0.97,1.2,0.73,161.9,5.43,0.76,3665,32,29.3,3,98500000,1779129098000000,1,100,98499004,98470083,98496298,0,29,3
2026-05-18 18:31:38,45.478069,9.227119,137.4,13,1.01,44.0,-0.191,0.345,1.66,-0.54,1.2,0.74,162.2,5.95,0.7,3674,36,34.4,3,99000000,1779129098500000,1,100,98998271,98970061,98998045,1,29,1
2026-05-18 18:31:39,45.47807,9.22712,137.4,13,1.01,44.1,-0.193,0.365,1.63,-0.89,1.2,0.74,162.4,6.8,0.77,3679,34,30.2,3,99500000,1779129099000000,1,100,99499467,99488527,99494384,0,11,5
2026-05-18 18:31:39,45.47807,9.22712,137.4,13,1.0,46.3,-0.189,0.381,1.22,-0.54,1.2,0.74,162.6,6.79,0.7,3821,35,32.6,3,100000000,1779129099500000,1,92,99998138,99983675,99998185,1,16,1
2026-05-18 18:31:40,45.47807,9.227121,137.4,14,1.0,44.3,-0.181,0.397,1.4,-0.93,1.19,0.75,162.8,7.47,0.72,3501,35,30.9,3,100500000,1779129100000000,1,93,100498095,100483355,100494559,1,16,5
2026-05-18 18:31:40,45.478071,9.227121,137.4,14,0.99,45.5,-0.178,0.378,0.85,-1.04,1.19,0.75,163.0,7.27,0.79,3840,38,33.9,3,101000000,1779129100500000,1,93,100998034,100992752,100993175,1,7,6
2026-05-18 18:31:41,45.478071,9.227122,137.3,14,0.99,48.0,-0.175,0.374,1.25,-0.97,1.19,0.76,163.2,6.98,0.72,3889,40,34.3,3,101500000,1779129101000000,1,95,101498082,101474273,101498356,1,25,1
2026-05-18 18:31:41,45.478071,9.227122,137.3,14,0.98,45.0,-0.183,0.411,1.09,-0.97,1.19,0.76,163.4,7.57,0.75,3772,37,34.9,3,102000000,1779129101500000,1,100,101998634,101987719,101996783,1,12,3
2026-05-18 18:31:42,45.478071,9.227123,137.3,14,0.98,48.6,-0.181,0.394,1.26,-0.73,1.19,0.76,163.7,7.4,0.71,3898,40,37.9,3,102500000,1779129102000000,1,100,102498021,102492850,102493793,1,7,6
2026-05-18 18:31:42,45.478072,9.227123,137.3,14,0.97,47.7,-0.167,0.42,1.85,-0.82,1.19,0.77,163.9,7.07,0.74,3865,37,30.5,3,103000000,1779129102500000,1,100,102999300,102982384,102994680,0,17,5
2026-05-18 18:31:43,45.478072,9.227124,137.3,14,0.97,49.4,-0.17,0.396,1.13,-0.57,1.19,0.77,164.1,7.0,0.74,3942,41,34.7,3,103500000,1779129103000000,1,96,103499361,103489675,103496390,0,10,3
2026-05-18 18:31:43,45.478072,9.227124,137.2,14,0.96,49.2,-0.158,0.402,1.82,-0.33,1.19,0.78,164.3,7.25,0.8,3981,36,31.7,3,104000000,1779129103500000,1,98,103999331,103975661,103997176,0,24,2
2026-05-18 18:31:44,45.478073,9.227125,137.2,14,0.96,50.0,-0.155,0.421,1.37,-0.27,1.18,0.78,164.5,7.39,0.8,3830,39,32.5,3,104500000,1779129104000000,1,94,104498140,104474048,104492923,1,25,7
2026-05-18 18:31:44,45.478073,9.227125,137.2,14,0.95,50.2,-0.153,0.406,1.41,-0.46,1.18,0.78,164.7,7.8,0.72,3932,45,41.8,3,105000000,1779129104500000,1,93,104997982,104988784,104997374,2,11,2
2026-05-18 18:31:45,45.478073,9.227126,137.2,14,0.95,51.5,-0.128,0.411,1.54,-0.5,1.18,0.79,164.9,7.31,0.75,4035,38,32.8,3,105500000,1779129105000000,1,95,105498581,105483541,105493776,1,16,6
2026-05-18 18:31:45,45.478074,9.227126,137.1,14,0.94,50.2,-0.144,0.412,1.21,-0.82,1.18,0.79,165.1,7.63,0.7,3945,44,38.4,3,106000000,1779129105500000,1,98,105997489,105978397,105996068,2,21,3
2026-05-18 18:31:46,45.478074,9.227127,137.1,14,0.94,50.5,-0.118,0.427,1.46,-0.39,1.18,0.8,165.3,7.61,0.77,4080,40,34.2,3,106500000,1779129106000000,1,99,106499456,106486043,106495465,0,13,4
2026-05-18 18:31:46,45.478074,9.227127,137.1,14,0.93,50.4,-0.117,0.407,1.58,-0.5,1.18,0.8,165.5,6.73,0.79,3946,43,38.5,3,107000000,1779129106500000,1,100,106997944,106985953,106993464,2,14,6
2026-05-18 18:31:47,45.478075,9.227128,137.1,14,0.92,54.0,-0.102,0.43,1.53,-0.26,1.17,0.8,165.7,7.37,0.81,4039,43,39.9,3,107500000,1779129107000000,1,94,107498984,107474058,107493521,1,25,6
2026-05-18 18:31:47,45.478075,9.227129,137.1,14,0.92,54.3,-0.095,0.43,1.09,-0.44,1.17,0.81,166.0,7.15,0.77,4307,46,41.3,3,108000000,1779129107500000,1,95,107999016,107994200,107997411,0,5,2
2026-05-18 18:31:48,45.478075,9.227129,137.0,14,0.91,53.8,-0.108,0.407,1.89,-0.64,1.17,0.81,166.2,7.16,0.77,4194,45,40.1,3,108500000,1779129108000000,1,97,108498489,108474155,108498731,1,25,1
2026-05-18 18:31:48,45.478076,9.22713,137.0,14,0.91,53.9,-0.082,0.416,1.39,-0.65,1.17,0.81,166.4,7.45,0.73,4227,43,37.3,3,109000000,1779129108500000,1,99,108997905,108970578,108997659,2,29,2
2026-05-18 18:31:49,45.478076,9.22713,137.0,14,0.9,54.8,-0.08,0.392,1.8,-0.07,1.16,0.82,166.6,6.76,0.78,4355,42,37.5,3,109500000,1779129109000000,1,94,109499451,109477507,109498557,0,22,1
2026-05-18 18:31:49,45.478076,9.227131,137.0,14,0.9,52.6,-0.072,0.421,1.46,-0.67,1.16,0.82,166.8,7.52,0.82,3964,40,36.6,3,110000000,1779129109500000,1,93,109997296,109973559,109993911,2,26,6
2026-05-18 18:31:50,45.478077,9.227131,136.9,14,0.89,55.3,-0.063,0.401,1.2,-0.26,1.16,0.83,167.0,7.65,0.71,4342,47,44.6,3,110500000,1779129110000000,1,92,110497457,110484925,110496312,2,15,3
2026-05-18 18:31:50,45.478077,9.227132,136.9,14,0.89,54.7,-0.049,0.416,1.56,-0.1,1.16,0.83,167.2,7.72,0.75,4125,39,36.2,3,111000000,1779129110500000,1,97,110998465,110974843,110993026,1,25,6
2026-05-18 18:31:51,45.478077,9.227133,136.9,14,0.88,54.8,-0.053,0.376,1.23,-0.43,1.15,0.83,167.4,6.96,0.75,4258,47,39.4,3,111500000,1779129111000000,1,99,111498763,111476379,111496458,1,23,3
2026-05-18 18:31:51,45.478078,9.227133,136.8,14,0.87,56.8,-0.035,0.405,1.82,-0.07,1.15,0.84,167.6,7.38,0.83,4327,49,42.1,3,112000000,1779129111500000,1,92,111997441,111971263,111995638,2,28,4
2026-05-18 18:31:52,45.478078,9.227134,136.8,14,0.87,58.2,-0.007,0.361,1.35,-0.16,1.15,0.84,167.8,6.46,0.76,4373,49,44.4,3,112500000,1779129112000000,1,98,112499097,112477443,112494161,0,22,5
2026-05-18 18:31:52,45.478078,9.227135,136.8,14,0.86,58.8,-0.004,0.365,1.57,0.13,1.14,0.84,168.0,6.48,0.81,4567,51,47.7,3,113000000,1779129112500000,1,94,112998314,112981214,112997311,1,18,2
2026-05-18 18:31:53,45.478079,9.227135,136.8,14,0.86,58.8,-0.015,0.352,1.73,-0.45,1.14,0.85,168.2,6.05,0.71,4503,51,42.9,3,113500000,1779129113000000,1,95,113499195,113476178,113493546,0,23,6
2026-05-18 18:31:53,45.478079,9.227136,136.7,14,0.85,60.4,0.012,0.362,1.29,0.05,1.14,0.85,168.4,6.5,0.73,4643,46,40.7,3,114000000,1779129113500000,1,92,113999333,113975199,113995859,0,24,4
2026-05-18 18:31:54,45.47808,9.227136,136.7,14,0.84,58.7,0.03,0.362,1.07,-0.01,1.14,0.85,168.6,6.65,0.77,4470,47,39.7,3,114500000,1779129114000000,1,95,114498697,114471418,114498774,1,28,1
2026-05-18 18:31:54,45.47808,9.227137,136.7,14,0.84,59.3,0.018,0.34,1.61,0.44,1.13,0.86,168.9,5.75,0.71,4391,48,43.6,3,115000000,1779129114500000,1,99,114997359,114984173,114998155,2,15,1
2026-05-18 18:31:55,45.47808,9.227138,136.7,14,0.83,61.0,0.049,0.313,0.72,-0.18,1.13,0.86,169.1,5.06,0.8,4693,50,46.2,3,115500000,1779129115000000,1,98,115499110,115470358,115496159,0,29,3
2026-05-18 18:31:55,45.478081,9.227138,136.6,14,0.83,62.5,0.052,0.312,1.49,0.57,1.13,0.86,169.3,5.77,0.79,4681,46,42.3,3,116000000,1779129115500000,1,99,115997374,115970708,115996978,2,29,3
2026-05-18 18:31:56,45.478081,9.227139,136.6,14,0.82,60.9,0.046,0.302,1.09,0.11,1.12,0.87,169.5,5.17,0.8,4432,45,38.7,3,116500000,1779129116000000,1,98,116498484,116485129,116494682,1,14,5
2026-05-18 18:31:56,45.478082,9.22714,136.6,14,0.81,60.7,0.074,0.314,0.64,0.33,1.12,0.87,169.7,5.76,0.78,4423,50,44.1,3,117000000,1779129116500000,1,97,116998881,116994801,116997758,1,5,2
2026-05-18 18:31:57,45.478082,9.22714,136.5,14,0.81,61.3,0.069,0.285,0.86,0.25,1.11,0.87,169.9,5.43,0.81,4462,50,46.3,3,117500000,1779129117000000,1,99,117499454,117474477,117492542,0,25,7
2026-05-18 18:31:57,45.478082,9.227141,136.5,14,0.8,62.3,0.098,0.281,0.94,0.28,1.11,0.87,170.1,5.31,0.78,4658,52,48.0,3,118000000,1779129117500000,1,100,117998660,117970978,117997356,1,29,2
2026-05-18 18:31:58,45.478083,9.227142,136.5,14,0.8,62.8,0.107,0.258,1.35,0.59,1.11,0.88,170.3,4.18,0.77,4771,53,48.3,3,118500000,1779129118000000,1,92,118498054,118486131,118495702,1,13,4
2026-05-18 18:31:58,45.478083,9.227142,136.5,14,0.79,62.3,0.107,0.26,1.17,0.11,1.1,0.88,170.5,4.67,0.77,4521,51,48.5,3,119000000,1779129118500000,1,93,118998487,118984578,118996959,1,15,3
2026-05-18 18:31:59,45.478083,9.227143,136.4,14,0.78,63.8,0.103,0.242,0.91,0.55,1.1,0.88,170.7,3.94,0.73,4827,52,45.4,3,119500000,1779129119000000,1,95,119498931,119481809,119495103,1,18,4
2026-05-18 18:31:59,45.478084,9.227144,136.4,14,0.78,64.0,0.116,0.229,0.87,0.68,1.1,0.89,171.0,4.32,0.79,4630,52,45.5,3,120000000,1779129119500000,1,94,119998463,119990312,119994489,1,9,5
2026-05-18 18:32:00,45.478084,9.227145,136.4,14,0.77,64.8,0.123,0.208,1.17,0.86,1.09,0.89,171.2,4.0,0.79,4730,55,47.8,3,120500000,1779129120000000,1,100,120497131,120488819,120496904,2,11,3
2026-05-18 18:32:00,45.478085,9.227145,136.3,14,0.76,64.3,0.133,0.211,1.18,0.63,1.09,0.89,171.4,3.35,0.78,4671,51,43.5,3,121000000,1779129120500000,1,100,120998215,120993365,120997564,1,6,2
2026-05-18 18:32:01,45.478085,9.227146,136.3,14,0.76,65.1,0.126,0.192,0.93,0.88,1.08,0.89,171.6,3.91,0.73,4875,51,45.9,4,121500000,1779129121000000,1,100,121498334,121485526,121494914,1,14,5
2026-05-18 18:32:01,45.478086,9.227147,136.3,14,0.75,65.2,0.135,0.162,0.73,0.26,1.08,0.9,171.8,3.21,0.83,4721,47,44.7,4,122000000,1779129121500000,1,98,121997633,121970074,121992815,2,29,7
2026-05-18 18:32:02,45.478086,9.227147,136.3,14,0.75,65.3,0.144,0.154,0.5,0.3,1.07,0.9,172.0,2.36,0.72,4912,55,48.4,4,122500000,1779129122000000,1,100,122498202,122489801,122498770,1,10,1
2026-05-18 18:32:02,45.478086,9.227148,136.2,14,0.74,68.8,0.164,0.162,0.31,0.37,1.07,0.9,172.2,3.27,0.77,4967,54,49.7,4,123000000,1779129122500000,1,92,122997189,122977884,122996375,2,22,3
2026-05-18 18:32:03,45.478087,9.227149,136.2,14,0.73,67.8,0.159,0.124,0.59,0.79,1.06,0.9,172.5,1.8,0.78,4836,59,55.7,4,123500000,1779129123000000,1,98,123497966,123477241,123496505,2,22,3
2026-05-18 18:32:03,45.478087,9.22715,136.2,14,0.73,66.4,0.159,0.112,0.08,0.47,1.06,0.91,172.7,2.56,0.77,4859,53,46.3,4,124000000,1779129123500000,1,99,123999437,123971764,123994977,0,28,5
2026-05-18 18:32:04,45.478088,9.22715,136.1,14,0.72,68.9,0.181,0.107,0.76,1.13,1.06,0.91,172.9,2.37,0.71,5133,55,51.0,4,124500000,1779129124000000,1,97,124498165,124492218,124496549,1,7,3
2026-05-18 18:32:04,45.478088,9.227151,136.1,14,0.71,69.4,0.183,0.068,-0.23,0.79,1.05,0.91,173.1,1.19,0.75,5062,52,49.6,4,125000000,1779129124500000,1,94,124997398,124994405,124998864,2,5,1
2026-05-18 18:32:05,45.478089,9.227152,136.1,14,0.71,67.2,0.189,0.056,-0.08,1.18,1.05,0.91,173.3,1.5,0.77,5036,54,47.1,4,125500000,1779129125000000,1,97,125497860,125484152,125496352,2,15,3
2026-05-18 18:32:05,45.478089,9.227152,136.0,14,0.7,69.1,0.172,0.034,0.49,0.68,1.04,0.92,173.6,1.17,0.71,5004,59,51.3,4,126000000,1779129125500000,1,98,125997034,125970586,125994379,2,29,5
2026-05-18 18:32:06,45.478089,9.227153,136.0,14,0.7,69.0,0.183,0.022,0.25,1.09,1.04,0.92,173.8,0.98,0.71,5121,51,45.9,4,126500000,1779129126000000,1,96,126498812,126471171,126495766,1,28,4
2026-05-18 18:32:06,45.47809,9.227154,136.0,14,0.71,67.8,0.18,0.024,0.41,0.9,1.03,0.92,174.0,0.63,0.72,4916,54,49.9,4,127000000,1779129126500000,1,99,126998374,126988400,126995169,1,11,4
2026-05-18 18:32:07,45.47809,9.227155,135.9,14,0.72,71.5,0.189,-0.001,-0.44,0.85,1.03,0.92,174.2,-0.02,0.71,5024,58,52.0,4,127500000,1779129127000000,1,96,127497952,127487510,127494918,2,12,5
2026-05-18 18:32:07,45.478091,9.227155,135.9,14,0.72,68.8,0.179,-0.019,0.4,0.96,1.02,0.92,174.4,-0.82,0.78,4940,52,45.3,4,128000000,1779129127500000,1,96,127997378,127976901,127997634,2,23,2
2026-05-18 18:32:08,45.478091,9.227156,135.9,14,0.73,71.5,0.165,-0.03,0.37,0.32,1.02,0.93,174.7,-0.46,0.81,5198,61,55.8,4,128500000,1779129128000000,1,99,128498466,128494692,128497307,1,5,2
2026-05-18 18:32:08,45.478092,9.227157,135.8,14,0.74,70.1,0.183,-0.02,-0.01,1.06,1.01,0.93,174.9,0.09,0.75,5159,53,47.3,4,129000000,1779129128500000,1,97,128998551,128991242,128995513,1,8,4
2026-05-18 18:32:09,45.478092,9.227158,135.8,14,0.74,69.3,0.175,-0.041,-0.26,0.53,1.0,0.93,175.1,-0.67,0.83,4863,56,47.7,4,129500000,1779129129000000,1,93,129499081,129483221,129497023,0,16,2
2026-05-18 18:32:09,45.478092,9.227159,135.8,14,0.75,70.3,0.184,-0.072,-0.15,1.12,1.0,0.93,175.4,-0.81,0.77,5003,59,52.4,4,130000000,1779129129500000,1,99,129997547,129981150,129996429,2,18,3
2026-05-18 18:32:10,45.478093,9.227159,135.8,14,0.75,71.4,0.16,-0.104,0.11,0.9,0.99,0.93,175.6,-2.23,0.72,5019,61,53.0,4,130500000,1779129130000000,1,95,130498478,130470844,130497360,1,29,2
2026-05-18 18:32:10,45.478093,9.22716,135.7,14,0.76,69.8,0.176,-0.092,-0.14,0.77,0.99,0.93,175.8,-1.59,0.76,5089,52,49.3,4,131000000,1779129130500000,1,93,130997808,130977457,130994122,2,22,5
2026-05-18 18:32:11,45.478094,9.227161,135.7,14,0.77,72.6,0.151,-0.11,-0.83,0.56,0.98,0.94,176.0,-2.32,0.71,5173,53,45.1,4,131500000,1779129131000000,1,96,131498361,131485525,131496731,1,14,3
2026-05-18 18:32:11,45.478094,9.227162,135.7,14,0.77,71.3,0.166,-0.15,-0.21,0.68,0.98,0.94,176.3,-2.99,0.76,5218,57,53.2,4,132000000,1779129131500000,1,93,131997845,131991522,131992387,2,8,7
2026-05-18 18:32:12,45.478095,9.227162,135.6,14,0.78,70.8,0.155,-0.165,-0.59,0.8,0.97,0.94,176.5,-3.52,0.74,5148,58,52.6,4,132500000,1779129132000000,1,98,132497252,132479089,132493940,2,20,6
2026-05-18 18:32:12,45.478095,9.227163,135.6,14,0.79,72.5,0.143,-0.165,-0.34,0.38,0.96,0.94,176.7,-2.46,0.8,5164,62,53.6,4,133000000,1779129132500000,1,95,132999264,132979660,132992673,0,20,7
2026-05-18 18:32:13,45.478096,9.227164,135.6,14,0.79,74.3,0.131,-0.187,-0.63,0.34,0.96,0.94,177.0,-2.95,0.76,5411,62,57.0,4,133500000,1779129133000000,1,93,133497320,133494900,133495950,2,5,4
2026-05-18 18:32:13,45.478096,9.227165,135.5,14,0.8,72.2,0.128,-0.172,-0.68,0.92,0.95,0.94,177.2,-3.16,0.71,5151,61,54.6,4,134000000,1779129133500000,1,100,133997630,133979966,133998000,2,20,2
2026-05-18 18:32:14,45.478097,9.227165,135.5,14,0.8,72.5,0.12,-0.216,-0.92,0.79,0.95,0.94,177.5,-3.56,0.78,5057,57,54.3,4,134500000,1779129134000000,1,93,134499174,134491426,134498789,0,8,1
2026-05-18 18:32:14,45.478097,9.227166,135.5,14,0.81,72.2,0.113,-0.208,-0.42,0.12,0.94,0.94,177.7,-4.06,0.74,5230,60,54.0,4,135000000,1779129134500000,1,95,134997939,134985873,134996417,2,14,3
2026-05-18 18:32:15,45.478097,9.227167,135.4,14,0.82,73.3,0.108,-0.209,-1.13,0.73,0.93,0.94,177.9,-3.79,0.75,5340,61,54.4,4,135500000,1779129135000000,1,100,135497698,135486161,135492615,2,13,7
2026-05-18 18:32:15,45.478098,9.227168,135.4,14,0.82,74.3,0.095,-0.226,-0.55,0.01,0.93,0.95,178.2,-3.57,0.8,5334,57,53.1,4,136000000,1779129135500000,1,100,135998745,135987335,135998443,1,12,1
2026-05-18 18:32:16,45.478098,9.227169,135.4,13,0.83,73.2,0.1,-0.266,-0.75,0.38,0.92,0.95,178.4,-5.3,0.71,5276,60,56.4,4,136500000,1779129136000000,1,97,136497668,136490791,136498354,2,9,1
2026-05-18 18:32:16,45.478099,9.227169,135.3,13,0.83,73.6,0.095,-0.264,-0.67,0.56,0.91,0.95,178.7,-4.98,0.71,5354,61,57.5,4,137000000,1779129136500000,1,96,136997443,136973702,136994918,2,26,5
2026-05-18 18:32:17,45.478099,9.22717,135.3,13,0.84,73.9,0.09,-0.277,-0.61,0.24,0.91,0.95,178.9,-5.58,0.82,5319,61,52.2,4,137500000,1779129137000000,1,99,137499369,137485182,137497341,0,14,2
2026-05-18 18:32:17,45.4781,9.227171,135.3,13,0.85,72.2,0.067,-0.277,-1.46,0.34,0.9,0.95,179.2,-4.42,0.83,5056,56,47.5,4,138000000,1779129137500000,1,96,137998727,137994715,137993623,1,5,6
2026-05-18 18:32:18,45.4781,9.227172,135.2,13,0.85,72.3,0.07,-0.285,-1.43,-0.04,0.89,0.95,179.4,-4.53,0.79,5297,56,52.2,4,138500000,1779129138000000,1,92,138498547,138474803,138492849,1,25,7
2026-05-18 18:32:18,45.478101,9.227173,135.2,13,0.86,73.1,0.047,-0.298,-0.55,-0.01,0.89,0.95,179.7,-5.32,0.76,5078,54,48.4,4,139000000,1779129138500000,1,100,138997893,138986196,138997215,2,13,2
2026-05-18 18:32:19,45.478101,9.227173,135.2,13,0.86,71.1,0.032,-0.307,-1.17,0.11,0.88,0.95,179.9,-5.0,0.73,5146,53,46.8,4,139500000,1779129139000000,1,97,139498774,139485608,139495627,1,14,4
2026-05-18 18:32:19,45.478102,9.227174,135.1,13,0.87,71.1,0.05,-0.333,-1.26,0.33,0.87,0.95,180.2,-6.12,0.73,5087,51,44.8,4,140000000,1779129139500000,1,99,139998618,139983197,139993068,1,16,6
2026-05-18 18:32:20,45.478102,9.227175,135.1,13,0.88,72.9,0.018,-0.346,-1.44,-0.08,0.87,0.95,180.4,-6.04,0.72,5255,56,49.6,4,140500000,1779129140000000,1,98,140499308,140493680,140498906,0,6,1
2026-05-18 18:32:20,45.478103,9.227176,135.1,13,0.88,74.4,0.024,-0.352,-1.25,-0.15,0.86,0.95,180.7,-6.09,0.74,5332,61,54.6,4,141000000,1779129140500000,1,93,140997154,140981771,140996219,2,18,3
2026-05-18 18:32:21,45.478103,9.227176,135.0,13,0.89,71.2,0.001,-0.37,-1.74,-0.3,0.85,0.95,180.9,-6.22,0.8,5087,57,49.9,4,141500000,1779129141000000,1,100,141498106,141486426,141493859,1,13,6
2026-05-18 18:32:21,45.478103,9.227177,135.0,13,0.89,74.0,0.007,-0.378,-1.29,0.36,0.85,0.95,181.2,-6.99,0.76,5355,54,50.5,4,142000000,1779129141500000,1,92,141998901,141983919,141995036,1,16,4
2026-05-18 18:32:22,45.478104,9.227178,135.0,13,0.9,73.6,-0.015,-0.393,-1.06,-0.44,0.84,0.95,181.5,-7.13,0.74,5397,60,53.0,4,142500000,1779129142000000,1,96,142498839,142470290,142493357,1,29,6
2026-05-18 18:32:22,45.478104,9.227179,134.9,13,0.9,71.1,-0.01,-0.38,-0.97,-0.39,0.83,0.95,181.7,-7.19,0.78,5024,56,50.6,4,143000000,1779129142500000,1,96,142997877,142980074,142993982,2,19,6
2026-05-18 18:32:23,45.478105,9.22718,134.9,13,0.91,70.1,-0.04,-0.371,-0.97,0.23,0.83,0.95,182.0,-6.83,0.78,5190,53,50.4,4,143500000,1779129143000000,1,100,143497998,143492096,143492941,2,7,7
2026-05-18 18:32:23,45.478105,9.22718,134.9,13,0.92,72.8,-0.056,-0.376,-1.74,-0.34,0.82,0.95,182.3,-7.21,0.82,5178,55,46.7,4,144000000,1779129143500000,1,94,143998243,143989680,143998895,1,10,1
2026-05-18 18:32:24,45.478106,9.227181,134.8,12,0.92,71.2,-0.05,-0.383,-1.83,-0.48,0.81,0.95,182.5,-6.94,0.78,5191,58,52.3,4,144500000,1779129144000000,1,99,144497274,144491126,144496712,2,8,3
2026-05-18 18:32:24,45.478106,9.227182,134.8,12,0.93,71.2,-0.063,-0.384,-1.53,-0.02,0.8,0.95,182.8,-6.85,0.81,5217,54,45.8,4,145000000,1779129144500000,1,100,144997526,144983080,144997163,2,16,2
2026-05-18 18:32:25,45.478107,9.227183,134.8,12,0.93,69.7,-0.071,-0.387,-1.63,-0.16,0.8,0.95,183.1,-6.79,0.72,5013,58,49.9,4,145500000,1779129145000000,1,100,145498379,145473413,145498368,1,26,1
2026-05-18 18:32:25,45.478107,9.227183,134.7,12,0.94,71.3,-0.085,-0.412,-1.22,-0.31,0.79,0.95,183.4,-7.01,0.76,5139,55,50.6,4,146000000,1779129145500000,1,100,145999145,145993825,145997573,0,6,2
2026-05-18 18:32:26,45.478107,9.227184,134.7,12,0.94,69.8,-0.087,-0.42,-1.41,-0.21,0.78,0.95,183.6,-7.33,0.75,5005,57,50.3,4,146500000,1779129146000000,1,92,146499418,146491876,146495170,0,8,4
2026-05-18 18:32:26,45.478108,9.227185,134.7,12,0.95,71.1,-0.103,-0.408,-1.92,-0.49,0.77,0.95,183.9,-6.91,0.75,4986,61,52.6,4,147000000,1779129146500000,1,96,146998630,146973219,146998872,1,26,1
2026-05-18 18:32:27,45.478108,9.227186,134.6,12,0.95,70.5,-0.114,-0.435,-1.42,-0.49,0.77,0.95,184.2,-7.76,0.76,5198,52,44.8,4,147500000,1779129147000000,1,92,147499426,147492151,147497657,0,7,2
2026-05-18 18:32:27,45.478109,9.227187,134.6,12,0.96,71.7,-0.116,-0.431,-1.99,-0.38,0.76,0.94,184.5,-7.24,0.81,5274,57,51.9,4,148000000,1779129147500000,1,100,147998960,147976406,147994513,1,23,5
2026-05-18 18:32:28,45.478109,9.227187,134.6,12,0.96,68.5,-0.127,-0.408,-1.73,-0.62,0.75,0.94,184.7,-6.98,0.76,4975,53,45.3,4,148500000,1779129148000000,1,92,148499104,148493912,148494028,0,6,5
2026-05-18 18:32:28,45.47811,9.227188,134.5,12,0.97,69.7,-0.138,-0.431,-1.53,-0.27,0.74,0.94,185.0,-7.17,0.79,5050,53,45.2,4,149000000,1779129148500000,1,100,148998227,148975675,148993350,1,24,6
2026-05-18 18:32:29,45.47811,9.227189,134.5,12,0.98,69.7,-0.133,-0.438,-1.96,-0.45,0.73,0.94,185.3,-7.46,0.73,5122,52,44.1,4,149500000,1779129149000000,1,92,149497169,149493463,149497093,2,6,2
2026-05-18 18:32:29,45.478111,9.227189,134.5,12,0.98,67.8,-0.141,-0.409,-1.02,-0.69,0.73,0.94,185.6,-7.91,0.71,5065,58,52.5,4,150000000,1779129149500000,1,95,149998470,149991661,149992259,1,8,7
2026-05-18 18:32:30,45.478111,9.22719,134.4,12,0.99,66.7,-0.144,-0.419,-1.16,-0.32,0.72,0.94,185.9,-7.12,0.82,4921,57,54.3,4,150500000,1779129150000000,1,94,150499179,150482835,150494714,0,17,5
2026-05-18 18:32:30,45.478111,9.227191,134.4,12,0.99,66.8,-0.155,-0.399,-0.91,-0.48,0.71,0.94,186.2,-7.5,0.82,4863,55,47.2,4,151000000,1779129150500000,1,95,150997403,150992367,150998450,2,7,1
2026-05-18 18:32:31,45.478112,9.227192,134.4,11,1.0,66.0,-0.157,-0.413,-1.22,-0.34,0.7,0.94,186.5,-7.6,0.79,4712,47,42.5,4,151500000,1779129151000000,1,98,151498131,151474092,151497248,1,25,2
2026-05-18 18:32:31,45.478112,9.227192,134.3,11,1.0,66.3,-0.148,-0.423,-1.57,-0.6,0.69,0.94,186.8,-8.04,0.74,4880,56,52.2,4,152000000,1779129151500000,1,94,151999206,151989046,151995835,0,10,4
2026-05-18 18:32:32,45.478113,9.227193,134.3,11,1.01,68.6,-0.164,-0.408,-1.51,-0.39,0.69,0.93,187.1,-7.15,0.82,4910,52,44.8,4,152500000,1779129152000000,1,99,152498794,152491601,152498742,1,8,1
2026-05-18 18:32:32,45.478113,9.227194,134.3,11,1.01,66.1,-0.185,-0.4,-1.08,-0.62,0.68,0.93,187.4,-7.75,0.76,4893,51,46.7,4,153000000,1779129152500000,1,93,152998164,152985003,152996212,1,14,3
2026-05-18 18:32:33,45.478113,9.227195,134.2,11,1.02,66.2,-0.17,-0.389,-0.95,-0.82,0.67,0.93,187.7,-6.84,0.72,4875,56,50.0,4,153500000,1779129153000000,1,99,153497523,153477106,153498533,2,22,1
2026-05-18 18:32:33,45.478114,9.227195,134.2,11,1.02,65.3,-0.181,-0.406,-1.32,-0.77,0.66,0.93,188.0,-7.29,0.72,4656,53,47.6,4,154000000,1779129153500000,1,99,153997517,153974364,153992940,2,25,7
2026-05-18 18:32:34,45.478114,9.227196,134.2,11,1.03,66.0,-0.188,-0.366,-1.21,-0.5,0.65,0.93,188.3,-6.85,0.76,4808,53,45.6,4,154500000,1779129154000000,1,99,154497107,154473936,154495537,2,26,4
2026-05-18 18:32:34,45.478115,9.227197,134.1,11,1.03,63.7,-0.171,-0.36,-1.45,-1.02,0.64,0.93,188.6,-6.24,0.77,4587,46,39.7,3,155000000,1779129154500000,1,99,154999416,154987888,154995197,0,12,4
2026-05-18 18:32:35,45.478115,9.227197,134.1,11,1.03,64.1,-0.171,-0.358,-1.61,-0.42,0.64,0.92,188.9,-6.79,0.78,4618,54,46.8,3,155500000,1779129155000000,1,93,155497036,155472697,155496524,2,27,3
2026-05-18 18:32:35,45.478116,9.227198,134.1,11,1.04,65.7,-0.171,-0.359,-1.41,-0.78,0.63,0.92,189.2,-6.31,0.71,4953,54,50.8,4,156000000,1779129155500000,1,100,155999382,155989352,155995179,0,10,4
2026-05-18 18:32:36,45.478116,9.227199,134.0,11,1.04,63.4,-0.177,-0.336,-1.33,-1.1,0.62,0.92,189.5,-5.89,0.75,4806,55,49.0,3,156500000,1779129156000000,1,99,156497639,156485130,156492243,2,14,7
2026-05-18 18:32:36,45.478116,9.227199,134.0,11,1.05,63.4,-0.178,-0.347,-1.35,-0.76,0.61,0.92,189.8,-6.66,0.7,4608,52,45.4,3,157000000,1779129156500000,1,92,156997292,156983980,156998190,2,16,1
2026-05-18 18:32:37,45.478117,9.2272,134.0,11,1.05,63.3,-0.172,-0.322,-1.12,-0.72,0.6,0.92,190.2,-6.14,0.77,4727,51,48.5,3,157500000,1779129157000000,1,98,157498633,157489542,157492834,1,10,7
2026-05-18 18:32:37,45.478117,9.227201,133.9,11,1.06,62.1,-0.179,-0.341,-1.49,-0.57,0.59,0.91,190.5,-5.79,0.79,4722,51,44.2,3,158000000,1779129157500000,1,92,157998264,157992346,157997685,1,7,2
2026-05-18 18:32:38,45.478118,9.227201,133.9,11,1.06,62.5,-0.174,-0.304,-1.18,-0.59,0.58,0.91,190.8,-6.05,0.73,4530,52,49.6,3,158500000,1779129158000000,1,100,158497265,158485567,158496476,2,14,3
2026-05-18 18:32:38,45.478118,9.227202,133.9,11,1.07,61.9,-0.174,-0.293,-0.74,-0.62,0.58,0.91,191.1,-5.7,0.73,4694,46,42.6,3,159000000,1779129158500000,1,92,158997892,158978341,158998228,2,21,1
2026-05-18 18:32:39,45.478118,9.227203,133.9,11,1.07,62.8,-0.173,-0.302,-0.57,-0.58,0.57,0.91,191.4,-5.58,0.75,4729,49,42.5,3,159500000,1779129159000000,1,95,159498197,159476557,159497768,1,23,2
2026-05-18 18:32:39,45.478119,9.227203,133.8,11,1.07,60.8,-0.156,-0.274,-0.77,-0.49,0.56,0.91,191.8,-5.35,0.8,4691,51,46.5,3,160000000,1779129159500000,1,99,159999094,159982560,159993585,0,17,6
2026-05-18 18:32:40,45.478119,9.227204,133.8,11,1.08,61.9,-0.164,-0.28,-0.61,-0.3,0.55,0.9,192.1,-5.26,0.78,4664,50,44.6,3,160500000,1779129160000000,1,96,160499457,160472492,160493974,0,27,6
2026-05-18 18:32:40,45.478119,9.227205,133.8,11,1.08,59.6,-0.156,-0.268,-0.6,-0.97,0.54,0.9,192.4,-5.13,0.76,4562,48,40.2,3,161000000,1779129160500000,1,97,160997972,160987649,160997591,2,12,2
2026-05-18 18:32:41,45.47812,9.227205,133.7,11,1.09,58.1,-0.162,-0.255,-1.06,-0.96,0.53,0.9,192.8,-4.77,0.81,4288,47,42.8,3,161500000,1779129161000000,1,93,161497627,161477175,161495785,2,22,4
2026-05-18 18:32:41,45.47812,9.227206,133.7,11,1.09,57.7,-0.152,-0.225,-0.57,-0.73,0.52,0.9,193.1,-4.55,0.82,4501,50,45.0,3,162000000,1779129161500000,1,94,161997965,161970966,161994471,2,29,5
2026-05-18 18:32:42,45.478121,9.227207,133.7,11,1.09,59.6,-0.133,-0.221,-1.1,-0.93,0.51,0.89,193.4,-3.88,0.83,4478,44,41.3,3,162500000,1779129162000000,1,92,162499238,162484746,162493958,0,15,6
2026-05-18 18:32:42,45.478121,9.227207,133.6,11,1.1,56.9,-0.133,-0.23,-0.75,-0.47,0.5,0.89,193.8,-4.6,0.82,4403,40,33.8,3,163000000,1779129162500000,1,98,162997161,162994336,162992749,2,5,7
2026-05-18 18:32:43,45.478121,9.227208,133.6,11,1.1,55.7,-0.112,-0.201,-0.22,-0.12,0.49,0.89,194.1,-4.02,0.79,4276,45,39.5,3,163500000,1779129163000000,1,97,163498734,163482449,163493356,1,17,6
2026-05-18 18:32:43,45.478122,9.227208,133.6,12,1.11,54.6,-0.124,-0.195,-0.45,-0.7,0.49,0.89,194.5,-3.81,0.81,4200,40,38.3,3,164000000,1779129163500000,1,97,163997524,163981855,163997568,2,18,2
2026-05-18 18:32:44,45.478122,9.227209,133.6,12,1.11,54.7,-0.112,-0.151,-0.31,-0.61,0.48,0.88,194.8,-3.31,0.82,4126,47,42.1,3,164500000,1779129164000000,1,97,164498564,164482527,164495536,1,17,4
2026-05-18 18:32:44,45.478122,9.22721,133.5,12,1.11,55.5,-0.104,-0.157,-0.4,-0.78,0.47,0.88,195.2,-2.89,0.8,4233,44,39.9,3,165000000,1779129164500000,1,97,164997321,164981385,164998898,2,18,1
2026-05-18 18:32:45,45.478123,9.22721,133.5,12,1.12,53.3,-0.092,-0.152,-0.3,-0.73,0.46,0.88,195.5,-2.52,0.71,4269,42,40.4,3,165500000,1779129165000000,1,99,165498106,165491365,165497269,1,8,2
2026-05-18 18:32:45,45.478123,9.227211,133.5,12,1.12,52.7,-0.092,-0.12,-0.87,-0.69,0.45,0.87,195.9,-1.74,0.78,3989,40,36.3,3,166000000,1779129165500000,1,99,165999019,165976993,165993604,0,23,6
2026-05-18 18:32:46,45.478123,9.227211,133.4,12,1.12,54.3,-0.074,-0.11,-0.45,-0.18,0.44,0.87,196.2,-2.04,0.76,4103,41,36.0,3,166500000,1779129166000000,1,96,166498135,166474509,166494891,1,25,5
2026-05-18 18:32:46,45.478124,9.227212,133.4,12,1.13,54.2,-0.06,-0.117,-0.49,-0.61,0.43,0.87,196.6,-1.59,0.76,4032,47,42.8,3,167000000,1779129166500000,1,97,166998808,166990343,166998889,1,9,1
2026-05-18 18:32:47,45.478124,9.227213,133.4,12,1.13,54.7,-0.063,-0.063,-0.43,-0.33,0.42,0.86,196.9,-1.25,0.75,4334,44,36.7,3,167500000,1779129167000000,1,95,167498910,167484045,167495199,1,15,4
2026-05-18 18:32:47,45.478124,9.227213,133.4,12,1.13,54.1,-0.05,-0.083,-0.41,0.17,0.41,0.86,197.3,-1.21,0.82,4114,44,37.6,3,168000000,1779129167500000,1,94,167998527,167991735,167995461,1,8,4
2026-05-18 18:32:48,45.478125,9.227214,133.3,12,1.14,51.8,-0.033,-0.05,-0.3,-0.17,0.4,0.86,197.6,-0.41,0.8,4069,42,36.6,3,168500000,1779129168000000,1,95,168497963,168479816,168493605,2,20,6
2026-05-18 18:32:48,45.478125,9.227214,133.3,12,1.14,49.5,-0.022,-0.048,-0.51,0.18,0.39,0.85,198.0,-1.28,0.76,3977,39,34.1,3,169000000,1779129168500000,1,97,168997088,168971834,168996490,2,28,3
2026-05-18 18:32:49,45.478125,9.227215,133.3,12,1.14,49.5,-0.003,-0.037,0.05,-0.32,0.38,0.85,198.4,-0.76,0.77,3933,39,34.1,3,169500000,1779129169000000,1,96,169498031,169483505,169492009,1,16,7
2026-05-18 18:32:49,45.478126,9.227215,133.2,12,1.14,51.9,0.006,-0.013,-0.17,-0.32,0.37,0.85,198.7,-0.82,0.81,4072,37,35.3,3,170000000,1779129169500000,1,98,169998223,169985092,169994078,1,14,5
2026-05-18 18:32:50,45.478126,9.227216,133.2,12,1.15,49.8,0.011,0.003,-0.1,0.38,0.36,0.84,199.1,0.03,0.76,3944,36,33.6,3,170500000,1779129170000000,1,94,170497567,170472612,170495400,2,27,4
2026-05-18 18:32:50,45.478126,9.227216,133.2,13,1.15,49.1,0.002,0.012,-0.29,0.21,0.35,0.84,199.5,0.47,0.73,3983,43,37.7,3,171000000,1779129170500000,1,98,170998651,170994249,170997539,1,5,2
2026-05-18 18:32:51,45.478127,9.227217,133.2,13,1.15,49.4,0.027,0.045,0.08,-0.21,0.34,0.84,199.8,0.85,0.8,3839,36,33.8,3,171500000,1779129171000000,1,92,171498409,171493106,171494283,1,6,5
2026-05-18 18:32:51,45.478127,9.227217,133.1,13,1.16,48.9,0.042,0.057,0.25,0.41,0.34,0.83,200.2,0.62,0.75,3755,42,35.6,3,172000000,1779129171500000,1,92,171998708,171992293,171994474,1,7,5
2026-05-18 18:32:52,45.478127,9.227218,133.1,13,1.16,47.2,0.05,0.066,-0.17,0.58,0.33,0.83,200.6,0.89,0.79,3729,35,32.8,3,172500000,1779129172000000,1,98,172498581,172487169,172493658,1,12,6
2026-05-18 18:32:52,45.478127,9.227218,133.1,13,1.16,46.9,0.061,0.102,0.67,-0.02,0.32,0.83,201.0,2.06,0.74,3795,33,29.4,3,173000000,1779129172500000,1,92,172998904,172979090,172995235,1,20,4
2026-05-18 18:32:53,45.478128,9.227219,133.1,13,1.16,46.3,0.074,0.12,0.27,0.64,0.31,0.82,201.4,1.83,0.79,3667,38,33.3,3,173500000,1779129173000000,1,93,173499077,173488419,173493922,0,11,6
2026-05-18 18:32:53,45.478128,9.227219,133.0,13,1.17,47.0,0.089,0.117,0.15,0.21,0.3,0.82,201.7,1.89,0.78,3773,38,33.0,3,174000000,1779129173500000,1,94,173998772,173988659,173996779,1,11,3
2026-05-18 18:32:54,45.478128,9.22722,133.0,13,1.17,46.6,0.075,0.135,0.64,-0.04,0.29,0.82,202.1,2.11,0.82,3666,35,34.3,3,174500000,1779129174000000,1,94,174499021,174478231,174493075,0,21,6
2026-05-18 18:32:54,45.478129,9.22722,133.0,13,1.17,45.5,0.099,0.147,0.28,0.14,0.28,0.81,202.5,2.22,0.82,3625,40,34.7,3,175000000,1779129174500000,1,94,174998661,174994296,174998982,1,5,1
2026-05-18 18:32:55,45.478129,9.227221,133.0,13,1.17,43.4,0.1,0.163,0.34,0.16,0.27,0.81,202.9,2.47,0.83,3709,31,30.2,3,175500000,1779129175000000,1,92,175497661,175492911,175493535,2,7,6
2026-05-18 18:32:55,45.478129,9.227221,132.9,13,1.17,44.8,0.095,0.167,1.01,0.36,0.26,0.8,203.3,2.42,0.79,3534,40,38.4,3,176000000,1779129175500000,1,100,175998083,175976885,175995902,1,23,4
2026-05-18 18:32:56,45.478129,9.227222,132.9,13,1.18,44.8,0.131,0.172,0.49,0.69,0.25,0.8,203.7,2.69,0.72,3769,31,25.1,3,176500000,1779129176000000,1,100,176498748,176484020,176498692,1,15,1
2026-05-18 18:32:56,45.47813,9.227222,132.9,13,1.18,44.4,0.132,0.211,0.79,0.4,0.24,0.8,204.1,4.24,0.74,3675,40,34.0,3,177000000,1779129176500000,1,99,176997857,176983154,176996106,2,16,3
2026-05-18 18:32:57,45.47813,9.227223,132.9,13,1.18,42.0,0.123,0.206,0.65,0.38,0.23,0.79,204.5,4.04,0.73,3485,35,29.1,3,177500000,1779129177000000,1,95,177498232,177488216,177492175,1,11,7
2026-05-18 18:32:57,45.47813,9.227223,132.8,13,1.18,43.6,0.148,0.227,0.4,0.39,0.22,0.79,204.9,3.67,0.78,3633,36,33.8,3,178000000,1779129177500000,1,98,177998397,177989971,177992098,1,10,7
2026-05-18 18:32:58,45.478131,9.227224,132.8,13,1.18,42.8,0.14,0.249,0.54,0.93,0.21,0.79,205.3,4.02,0.81,3584,33,32.7,3,178500000,1779129178000000,1,95,178498754,178481972,178498236,1,18,1
2026-05-18 18:32:58,45.478131,9.227224,132.8,14,1.18,41.4,0.145,0.253,0.79,0.25,0.2,0.78,205.7,4.25,0.8,3413,37,31.2,3,179000000,1779129178500000,1,93,178999013,178970728,178998808,0,29,1
2026-05-18 18:32:59,45.478131,9.227225,132.8,14,1.19,42.7,0.158,0.261,0.71,0.82,0.19,0.78,206.1,4.54,0.72,3407,34,32.0,3,179500000,1779129179000000,1,100,179498915,179480701,179497533,1,19,2
2026-05-18 18:32:59,45.478131,9.227225,132.8,14,1.19,42.0,0.157,0.273,1.15,0.82,0.18,0.77,206.5,5.39,0.74,3596,36,34.9,3,180000000,1779129179500000,1,100,179999453,179984794,179992530,0,15,7
2026-05-18 18:33:00,45.478132,9.227226,132.7,14,1.19,41.7,0.172,0.294,0.94,0.59,0.17,0.77,206.9,5.77,0.81,3501,31,26.0,3,180500000,1779129180000000,1,92,180498322,180488555,180496335,1,11,3
2026-05-18 18:33:00,45.478132,9.227226,132.7,14,1.19,42.0,0.17,0.317,0.71,0.98,0.16,0.77,207.3,5.37,0.74,3462,34,30.8,3,181000000,1779129180500000,1,96,180997315,180971818,180994995,2,28,5
2026-05-18 18:33:01,45.478132,9.227226,132.7,14,1.19,40.3,0.182,0.331,0.93,0.47,0.15,0.76,207.7,6.09,0.73,3404,30,25.0,3,181500000,1779129181000000,1,93,181497244,181470292,181494392,2,29,5
2026-05-18 18:33:01,45.478132,9.227227,132.7,14,1.19,41.2,0.169,0.33,1.06,0.95,0.14,0.76,208.1,5.95,0.81,3380,31,30.0,3,182000000,1779129181500000,1,94,181997584,181977023,181993875,2,22,6
2026-05-18 18:33:02,45.478133,9.227227,132.6,14,1.19,40.5,0.174,0.337,1.62,0.57,0.13,0.75,208.6,5.98,0.78,3344,31,28.0,3,182500000,1779129182000000,1,93,182498752,182479277,182498991,1,20,1
2026-05-18 18:33:02,45.478133,9.227228,132.6,14,1.19,38.1,0.169,0.337,0.99,0.97,0.12,0.75,209.0,5.95,0.75,3367,33,28.5,2,183000000,1779129182500000,1,95,182998735,182984709,182996569,1,15,3
2026-05-18 18:33:03,45.478133,9.227228,132.6,14,1.2,40.0,0.175,0.355,1.26,0.78,0.11,0.75,209.4,6.83,0.81,3481,30,29.2,2,183500000,1779129183000000,1,98,183497758,183478225,183492634,2,21,7
2026-05-18 18:33:03,45.478133,9.227229,132.6,14,1.2,39.1,0.193,0.347,1.59,1.17,0.1,0.74,209.8,6.64,0.78,3466,32,30.2,2,184000000,1779129183500000,1,93,183997538,183993739,183997248,2,6,2
2026-05-18 18:33:04,45.478134,9.227229,132.6,14,1.2,37.3,0.19,0.367,1.18,1.12,0.09,0.74,210.2,6.01,0.8,3171,27,25.5,2,184500000,1779129184000000,1,94,184497529,184476134,184493787,2,23,6
2026-05-18 18:33:04,45.478134,9.227229,132.5,14,1.2,37.2,0.171,0.391,1.49,0.47,0.08,0.73,210.7,7.32,0.81,3151,25,25.1,2,185000000,1779129184500000,1,93,184999351,184990618,184996825,0,9,3
2026-05-18 18:33:05,45.478134,9.22723,132.5,14,1.2,37.0,0.174,0.397,1.84,0.81,0.07,0.73,211.1,7.27,0.73,3322,34,31.7,2,185500000,1779129185000000,1,98,185497915,185479133,185497083,2,20,2
2026-05-18 18:33:05,45.478134,9.22723,132.5,14,1.2,39.5,0.181,0.377,1.27,0.96,0.06,0.72,211.5,6.8,0.72,3308,29,26.6,2,186000000,1779129185500000,1,96,185999480,185982375,185998780,0,17,1
2026-05-18 18:33:06,45.478135,9.227231,132.5,14,1.2,38.5,0.161,0.409,1.5,0.94,0.05,0.72,212.0,7.56,0.76,3417,26,21.1,2,186500000,1779129186000000,1,95,186498471,186484914,186493813,1,15,6
2026-05-18 18:33:06,45.478135,9.227231,132.5,14,1.2,40.0,0.169,0.415,1.0,0.74,0.04,0.72,212.4,8.06,0.75,3358,27,22.4,2,187000000,1779129186500000,1,93,186997521,186977008,186997235,2,22,2
2026-05-18 18:33:07,45.478135,9.227232,132.5,14,1.2,39.5,0.176,0.411,1.69,0.67,0.03,0.71,212.8,7.13,0.81,3426,32,30.0,2,187500000,1779129187000000,1,97,187497085,187478422,187493089,2,21,6
2026-05-18 18:33:07,45.478135,9.227232,132.4,14,1.2,36.3,0.17,0.406,1.35,0.48,0.02,0.71,213.3,7.46,0.81,3083,24,24.1,2,188000000,1779129187500000,1,95,187998880,187972938,187998102,1,27,1
2026-05-18 18:33:08,45.478136,9.227232,132.4,14,1.2,37.8,0.158,0.395,1.87,0.32,0.01,0.7,213.7,6.59,0.81,3305,26,21.0,2,188500000,1779129188000000,1,96,188499051,188472357,188492849,0,27,7
2026-05-18 18:33:08,45.478136,9.227233,132.4,14,1.2,38.9,0.155,0.408,1.57,0.73,-0.0,0.7,214.1,7.69,0.7,3486,27,25.2,2,189000000,1779129188500000,1,93,188998716,188992661,188995451,1,7,4
2026-05-18 18:33:09,45.478136,9.227233,132.4,14,1.2,35.4,0.162,0.421,1.09,0.62,-0.01,0.7,214.6,7.85,0.75,3030,29,25.9,2,189500000,1779129189000000,1,98,189498858,189482086,189496218,1,17,3
2026-05-18 18:33:09,45.478136,9.227234,132.4,14,1.2,37.5,0.133,0.433,1.43,0.76,-0.02,0.71,215.0,7.73,0.72,3396,32,30.0,2,190000000,1779129189500000,1,98,189997104,189982460,189993317,2,17,6
2026-05-18 18:33:10,45.478136,9.227234,132.4,14,1.2,39.1,0.142,0.43,1.03,0.79,-0.03,0.71,215.5,8.26,0.78,3251,27,21.6,2,190500000,1779129190000000,1,100,190497466,190478525,190496795,2,21,3
2026-05-18 18:33:10,45.478137,9.227234,132.3,14,1.2,36.2,0.137,0.415,1.76,0.43,-0.04,0.72,215.9,8.04,0.79,3051,31,28.7,2,191000000,1779129190500000,1,94,190997341,190994695,190993973,2,5,6
2026-05-18 18:33:11,45.478137,9.227235,132.3,14,1.2,38.1,0.133,0.403,1.87,0.19,-0.05,0.72,216.3,7.85,0.81,3445,28,25.3,2,191500000,1779129191000000,1,97,191498959,191471820,191494071,1,28,5
2026-05-18 18:33:11,45.478137,9.227235,132.3,14,1.2,37.0,0.111,0.407,0.93,0.6,-0.06,0.72,216.8,6.93,0.78,3093,25,20.3,2,192000000,1779129191500000,1,98,191998851,191979820,191992343,1,20,7
2026-05-18 18:33:12,45.478137,9.227236,132.3,14,1.2,38.0,0.119,0.425,1.26,0.28,-0.07,0.73,217.2,8.0,0.74,3189,32,29.1,2,192500000,1779129192000000,1,94,192497386,192473679,192492665,2,26,7
2026-05-18 18:33:12,45.478138,9.227236,132.3,14,1.2,38.4,0.096,0.397,1.88,0.04,-0.08,0.73,217.7,7.73,0.79,3404,26,22.8,2,193000000,1779129192500000,1,95,192998876,192981890,192992150,1,18,7
2026-05-18 18:33:13,45.478138,9.227236,132.3,14,1.2,36.3,0.098,0.428,1.5,0.06,-0.09,0.74,218.1,7.6,0.75,3071,29,27.3,2,193500000,1779129193000000,1,93,193498759,193480199,193492475,1,19,7
2026-05-18 18:33:13,45.478138,9.227237,132.3,14,1.2,35.2,0.093,0.42,1.44,0.03,-0.1,0.74,218.6,7.28,0.76,3013,30,26.5,2,194000000,1779129193500000,1,99,193997664,193973840,193994574,2,26,5
2026-05-18 18:33:14,45.478138,9.227237,132.2,14,1.2,38.5,0.085,0.409,1.35,0.44,-0.11,0.75,219.1,6.84,0.74,3364,33,32.7,2,194500000,1779129194000000,1,96,194498685,194488718,194494029,1,11,5
2026-05-18 18:33:14,45.478139,9.227238,132.2,14,1.19,39.1,0.055,0.39,1.58,0.18,-0.12,0.75,219.5,7.43,0.71,3345,35,30.2,2,195000000,1779129194500000,1,93,194997805,194992285,194998805,2,7,1
2026-05-18 18:33:15,45.478139,9.227238,132.2,14,1.19,36.4,0.066,0.39,1.16,0.62,-0.13,0.75,220.0,7.29,0.74,3081,33,30.5,2,195500000,1779129195000000,1,99,195497150,195476878,195497257,2,23,2
2026-05-18 18:33:15,45.478139,9.227238,132.2,14,1.19,37.1,0.044,0.403,1.86,0.24,-0.14,0.76,220.4,7.44,0.8,3166,29,24.3,2,196000000,1779129195500000,1,94,195999259,195978373,195995949,0,21,4
2026-05-18 18:33:16,45.478139,9.227239,132.2,14,1.19,38.6,0.051,0.393,1.49,0.34,-0.15,0.76,220.9,6.68,0.73,3266,30,25.2,2,196500000,1779129196000000,1,95,196497255,196484998,196493941,2,15,6
2026-05-18 18:33:16,45.47814,9.227239,132.2,14,1.19,38.9,0.033,0.375,1.19,0.07,-0.16,0.77,221.3,7.21,0.79,3444,34,32.8,2,197000000,1779129196500000,1,97,196998041,196986233,196994128,1,13,5
2026-05-18 18:33:17,45.47814,9.22724,132.2,14,1.19,36.4,0.009,0.388,1.84,0.44,-0.17,0.77,221.8,6.52,0.74,3112,32,31.7,2,197500000,1779129197000000,1,93,197497969,197491514,197496255,2,8,3
2026-05-18 18:33:17,45.47814,9.22724,132.2,14,1.19,37.6,0.022,0.386,1.02,0.16,-0.18,0.77,222.3,7.48,0.76,3347,33,28.7,2,198000000,1779129197500000,1,98,197998752,197982784,197994312,1,17,5
2026-05-18 18:33:18,45.47814,9.22724,132.1,14,1.19,38.8,0.011,0.357,1.66,0.36,-0.19,0.78,222.7,6.53,0.7,3461,30,27.3,2,198500000,1779129198000000,1,98,198498937,198473151,198497307,1,26,2
2026-05-18 18:33:18,45.47814,9.227241,132.1,14,1.18,37.0,-0.003,0.367,1.22,-0.3,-0.2,0.78,223.2,6.85,0.8,3295,29,24.7,2,199000000,1779129198500000,1,93,198998251,198976770,198999000,1,23,1
2026-05-18 18:33:19,45.478141,9.227241,132.1,14,1.18,39.6,-0.019,0.337,0.99,-0.38,-0.21,0.79,223.7,6.08,0.7,3318,26,20.5,2,199500000,1779129199000000,1,98,199498810,199494074,199493657,1,5,6
2026-05-18 18:33:19,45.478141,9.227242,132.1,14,1.18,38.6,-0.037,0.323,0.91,0.24,-0.22,0.79,224.1,5.37,0.72,3404,27,21.5,2,200000000,1779129199500000,1,96,199998132,199993047,199995373,1,6,4
2026-05-18 18:33:20,45.478141,9.227242,132.1,14,1.18,40.4,-0.042,0.314,1.51,0.13,-0.23,0.79,224.6,5.74,0.82,3414,36,33.3,3,200500000,1779129200000000,1,98,200498047,200484290,200495037,1,15,4
2026-05-18 18:33:20,45.478142,9.227243,132.1,14,1.18,40.6,-0.042,0.315,1.13,0.03,-0.24,0.8,225.1,5.87,0.77,3348,29,26.1,3,201000000,1779129200500000,1,99,200999381,200981166,200997985,0,18,2
2026-05-18 18:33:21,45.478142,9.227243,132.1,14,1.18,40.3,-0.048,0.325,1.25,-0.27,-0.25,0.8,225.6,6.16,0.74,3437,32,28.8,3,201500000,1779129201000000,1,97,201497663,201483534,201496908,2,16,3
2026-05-18 18:33:21,45.478142,9.227243,132.1,14,1.17,40.5,-0.079,0.285,1.45,-0.16,-0.26,0.81,226.0,5.39,0.8,3567,31,30.7,3,202000000,1779129201500000,1,97,201998958,201973651,201994175,1,26,5
2026-05-18 18:33:22,45.478142,9.227244,132.1,14,1.17,39.1,-0.077,0.291,0.61,-0.33,-0.27,0.81,226.5,4.76,0.75,3395,30,28.1,2,202500000,1779129202000000,1,96,202498654,202480124,202494703,1,19,5
2026-05-18 18:33:22,45.478143,9.227244,132.1,14,1.17,40.0,-0.091,0.261,1.27,0.0,-0.28,0.81,227.0,5.21,0.8,3519,27,22.6,2,203000000,1779129202500000,1,95,202998883,202984574,202992676,1,15,7
2026-05-18 18:33:23,45.478143,9.227245,132.1,14,1.17,40.8,-0.109,0.275,1.3,-0.25,-0.29,0.82,227.5,5.14,0.79,3313,34,31.9,3,203500000,1779129203000000,1,97,203498546,203493488,203496106,1,6,3
2026-05-18 18:33:23,45.478143,9.227245,132.1,14,1.17,42.0,-0.109,0.237,1.06,-0.79,-0.3,0.82,227.9,4.48,0.81,3531,29,25.2,3,204000000,1779129203500000,1,93,203998646,203978433,203993138,1,21,6
2026-05-18 18:33:24,45.478143,9.227246,132.0,14,1.16,40.7,-0.118,0.25,0.96,-0.4,-0.31,0.82,228.4,4.68,0.72,3447,37,34.3,3,204500000,1779129204000000,1,97,204497694,204478422,204492910,2,21,7
2026-05-18 18:33:24,45.478144,9.227246,132.0,14,1.16,39.2,-0.116,0.204,1.18,-0.28,-0.32,0.83,228.9,3.13,0.82,3216,33,28.7,2,205000000,1779129204500000,1,92,204998748,204981234,204995703,1,18,4
2026-05-18 18:33:25,45.478144,9.227247,132.0,14,1.16,41.4,-0.114,0.211,1.16,-0.77,-0.33,0.83,229.4,3.87,0.72,3484,30,27.9,3,205500000,1779129205000000,1,100,205497323,205479110,205494768,2,20,5
2026-05-18 18:33:25,45.478144,9.227247,132.0,14,1.16,39.9,-0.139,0.213,0.85,-0.18,-0.34,0.83,229.8,4.23,0.76,3416,32,28.3,2,206000000,1779129205500000,1,93,205998437,205981717,205995624,1,18,4
2026-05-18 18:33:26,45.478144,9.227247,132.0,14,1.15,41.4,-0.153,0.183,0.69,-0.52,-0.35,0.84,230.3,3.35,0.75,3563,33,30.2,3,206500000,1779129206000000,1,92,206497239,206473150,206493546,2,26,6
2026-05-18 18:33:26,45.478145,9.227248,132.0,14,1.15,41.3,-0.153,0.161,1.02,-0.84,-0.35,0.84,230.8,2.66,0.75,3594,29,25.9,3,207000000,1779129206500000,1,93,206997733,206991690,206995235,2,8,4
2026-05-18 18:33:27,45.478145,9.227248,132.0,14,1.15,44.9,-0.164,0.169,0.43,-0.33,-0.36,0.84,231.3,2.66,0.71,3784,32,29.3,3,207500000,1779129207000000,1,100,207499379,207489457,207492611,0,10,7
2026-05-18 18:33:27,45.478145,9.227249,132.0,14,1.14,43.4,-0.166,0.151,0.8,-1.07,-0.37,0.85,231.8,3.08,0.73,3458,34,27.7,3,208000000,1779129207500000,1,95,207998638,207989799,207996914,1,10,3
2026-05-18 18:33:28,45.478145,9.227249,132.0,14,1.14,43.2,-0.157,0.106,0.4,-0.74,-0.38,0.85,232.3,1.33,0.78,3656,29,26.8,3,208500000,1779129208000000,1,95,208497695,208481570,208495382,2,18,4
2026-05-18 18:33:28,45.478146,9.22725,132.0,14,1.14,45.4,-0.159,0.113,-0.09,-0.91,-0.39,0.85,232.7,1.86,0.73,3842,40,37.3,3,209000000,1779129208500000,1,100,208998589,208981173,208998369,1,18,1
2026-05-18 18:33:29,45.478146,9.22725,132.0,14,1.14,46.1,-0.183,0.094,0.74,-0.43,-0.4,0.86,233.2,1.15,0.76,3722,39,36.0,3,209500000,1779129209000000,1,94,209498349,209475928,209497384,1,24,2
2026-05-18 18:33:29,45.478146,9.227251,132.0,14,1.13,43.5,-0.181,0.083,0.07,-1.04,-0.41,0.86,233.7,1.26,0.76,3505,31,27.3,3,210000000,1779129209500000,1,92,209998279,209975278,209997357,1,24,2
2026-05-18 18:33:30,45.478147,9.227251,132.0,14,1.13,44.9,-0.186,0.077,0.34,-0.9,-0.42,0.86,234.2,1.85,0.76,3791,37,34.0,3,210500000,1779129210000000,1,94,210498214,210479101,210497562,1,20,2
2026-05-18 18:33:30,45.478147,9.227252,132.0,14,1.13,47.7,-0.188,0.042,0.29,-1.08,-0.43,0.87,234.7,0.83,0.73,3772,39,33.7,3,211000000,1779129210500000,1,95,210999080,210991975,210993644,0,8,6
2026-05-18 18:33:31,45.478147,9.227252,132.0,14,1.12,46.2,-0.192,0.023,0.23,-0.94,-0.44,0.87,235.2,0.99,0.82,3885,37,34.8,3,211500000,1779129211000000,1,98,211498152,211486115,211498884,1,13,1
2026-05-18 18:33:31,45.478147,9.227253,132.0,14,1.12,48.2,-0.169,0.004,0.13,-0.83,-0.45,0.87,235.7,-0.01,0.8,3733,40,33.3,3,212000000,1779129211500000,1,97,211997618,211993434,211994346,2,6,5
2026-05-18 18:33:32,45.478148,9.227253,132.0,14,1.12,45.8,-0.168,-0.013,0.43,-0.65,-0.46,0.88,236.2,-0.35,0.81,3726,35,30.9,3,212500000,1779129212000000,1,98,212497283,212473975,212498369,2,26,1
2026-05-18 18:33:32,45.478148,9.227254,132.0,14,1.11,48.4,-0.177,-0.017,-0.24,-1.03,-0.47,0.88,236.6,-0.37,0.82,3777,34,29.1,3,213000000,1779129212500000,1,96,212998149,212974963,212993625,1,25,6
2026-05-18 18:33:33,45.478148,9.227254,132.0,14,1.11,46.8,-0.184,-0.016,-0.01,-0.6,-0.48,0.88,237.1,0.21,0.75,3909,38,32.3,3,213500000,1779129213000000,1,97,213499449,213473481,213494552,0,26,5
2026-05-18 18:33:33,45.478149,9.227255,132.0,14,1.11,48.2,-0.183,-0.043,-0.55,-0.7,-0.49,0.89,237.6,-0.79,0.74,3903,42,34.8,3,214000000,1779129213500000,1,96,213999105,213981630,213992236,0,18,7
2026-05-18 18:33:34,45.478149,9.227255,132.0,14,1.1,47.5,-0.164,-0.079,-0.46,-0.36,-0.49,0.89,238.1,-0.97,0.76,3881,37,32.1,3,214500000,1779129214000000,1,97,214498842,214480225,214494469,1,19,5
2026-05-18 18:33:34,45.478149,9.227256,132.0,13,1.1,50.4,-0.16,-0.083,-0.28,-0.46,-0.5,0.89,238.6,-1.73,0.71,3968,45,40.6,3,215000000,1779129214500000,1,95,214999429,214989662,214994840,0,10,5
2026-05-18 18:33:35,45.47815,9.227256,132.0,13,1.09,49.0,-0.159,-0.09,-0.34,-0.68,-0.51,0.89,239.1,-1.64,0.8,4028,41,36.3,3,215500000,1779129215000000,1,96,215499056,215492132,215493928,0,7,6
2026-05-18 18:33:35,45.47815,9.227257,132.0,13,1.09,50.0,-0.168,-0.1,-0.37,-0.72,-0.52,0.9,239.6,-2.09,0.73,4004,38,32.7,3,216000000,1779129215500000,1,94,215997114,215980822,215997152,2,19,2
2026-05-18 18:33:36,45.47815,9.227257,132.0,13,1.09,52.4,-0.152,-0.105,-0.18,-1.01,-0.53,0.9,240.1,-2.19,0.79,4057,42,35.4,3,216500000,1779129216000000,1,97,216498660,216479213,216498761,1,20,1
2026-05-18 18:33:36,45.478151,9.227258,132.0,13,1.08,50.2,-0.146,-0.135,-0.64,-0.9,-0.54,0.9,240.6,-2.92,0.83,3931,42,37.0,3,217000000,1779129216500000,1,96,216997677,216972563,216998103,2,27,1
2026-05-18 18:33:37,45.478151,9.227259,132.0,13,1.08,53.4,-0.167,-0.152,-0.79,-0.65,-0.55,0.9,241.1,-3.12,0.74,4275,42,37.2,3,217500000,1779129217000000,1,100,217497550,217483979,217493940,2,16,6
2026-05-18 18:33:37,45.478151,9.227259,132.0,13,1.07,53.1,-0.15,-0.178,-0.29,-0.3,-0.56,0.91,241.6,-3.45,0.72,4153,38,33.4,3,218000000,1779129217500000,1,97,217998870,217986320,217998899,1,13,1
2026-05-18 18:33:38,45.478152,9.22726,132.0,13,1.07,53.9,-0.142,-0.182,-0.24,-0.85,-0.57,0.91,242.1,-3.6,0.73,4220,47,41.2,3,218500000,1779129218000000,1,92,218497683,218484585,218497109,2,15,2
2026-05-18 18:33:38,45.478152,9.22726,132.0,13,1.07,54.6,-0.142,-0.194,-0.69,-0.55,-0.58,0.91,242.5,-2.95,0.76,4219,42,39.2,3,219000000,1779129218500000,1,99,218998868,218979109,218994611,1,20,5
2026-05-18 18:33:39,45.478152,9.227261,132.0,13,1.06,53.3,-0.115,-0.192,-0.65,-0.4,-0.58,0.91,243.0,-3.74,0.71,4018,45,39.2,3,219500000,1779129219000000,1,94,219499256,219471564,219495308,0,28,4
2026-05-18 18:33:39,45.478153,9.227261,132.0,13,1.06,54.4,-0.125,-0.226,-0.83,-0.34,-0.59,0.91,243.5,-4.07,0.72,4178,46,42.9,3,220000000,1779129219500000,1,96,219999294,219980442,219995383,0,19,4
2026-05-18 18:33:40,45.478153,9.227262,132.0,13,1.05,57.0,-0.105,-0.226,-0.66,-0.25,-0.6,0.92,244.0,-4.26,0.77,4417,48,40.5,3,220500000,1779129220000000,1,92,220499154,220488491,220492123,0,11,7
2026-05-18 18:33:40,45.478153,9.227263,132.1,13,1.05,55.2,-0.095,-0.24,-1.12,-0.63,-0.61,0.92,244.5,-4.07,0.73,4311,39,34.6,3,221000000,1779129220500000,1,92,220998029,220991711,220998787,1,8,1
2026-05-18 18:33:41,45.478154,9.227263,132.1,13,1.04,56.1,-0.101,-0.247,-1.29,-0.67,-0.62,0.92,245.0,-4.43,0.82,4266,44,37.2,3,221500000,1779129221000000,1,98,221498869,221481364,221492106,1,18,7
2026-05-18 18:33:41,45.478154,9.227264,132.1,13,1.04,58.1,-0.084,-0.276,-0.72,-0.23,-0.63,0.92,245.5,-5.39,0.73,4380,50,45.0,3,222000000,1779129221500000,1,96,221997575,221983604,221994189,2,16,5
2026-05-18 18:33:42,45.478154,9.227265,132.1,13,1.03,55.2,-0.076,-0.276,-0.98,-0.22,-0.64,0.92,246.0,-5.26,0.8,4137,45,41.2,3,222500000,1779129222000000,1,94,222497002,222490533,222496626,2,9,3
2026-05-18 18:33:42,45.478155,9.227265,132.1,13,1.03,57.8,-0.066,-0.281,-0.92,-0.19,-0.64,0.93,246.5,-5.09,0.79,4390,51,44.1,3,223000000,1779129222500000,1,93,222999188,222987350,222994023,0,12,5
2026-05-18 18:33:43,45.478155,9.227266,132.1,12,1.03,58.2,-0.062,-0.288,-1.04,0.04,-0.65,0.93,247.0,-4.73,0.82,4291,42,38.9,3,223500000,1779129223000000,1,97,223499203,223474168,223494138,0,25,5
2026-05-18 18:33:43,45.478155,9.227266,132.1,12,1.02,59.3,-0.067,-0.306,-0.85,-0.58,-0.66,0.93,247.5,-5.92,0.72,4586,45,39.1,3,224000000,1779129223500000,1,99,223997160,223982508,223996604,2,17,3
2026-05-18 18:33:44,45.478156,9.227267,132.1,12,1.02,59.6,-0.032,-0.315,-0.62,-0.51,-0.67,0.93,248.0,-5.94,0.79,4508,42,40.3,3,224500000,1779129224000000,1,100,224499417,224485183,224496707,0,14,3
2026-05-18 18:33:44,45.478156,9.227268,132.1,12,1.01,58.3,-0.037,-0.322,-1.52,-0.39,-0.68,0.93,248.5,-5.55,0.77,4441,50,44.3,3,225000000,1779129224500000,1,99,224998053,224985793,224993968,1,14,6
2026-05-18 18:33:45,45.478157,9.227268,132.1,12,1.01,61.2,-0.033,-0.331,-0.76,-0.12,-0.69,0.93,248.9,-5.97,0.74,4650,52,46.7,3,225500000,1779129225000000,1,92,225498174,225476627,225498913,1,23,1
2026-05-18 18:33:45,45.478157,9.227269,132.1,12,1.0,58.8,-0.005,-0.365,-1.42,0.21,-0.69,0.94,249.4,-6.37,0.76,4559,44,40.3,3,226000000,1779129225500000,1,95,225997316,225984744,225997470,2,15,2
2026-05-18 18:33:46,45.478157,9.22727,132.1,12,1.0,61.3,-0.018,-0.379,-1.39,0.27,-0.7,0.94,249.9,-6.57,0.76,4571,53,49.4,3,226500000,1779129226000000,1,92,226497686,226489710,226495502,2,10,4
2026-05-18 18:33:46,45.478158,9.22727,132.2,12,0.99,62.1,0.016,-0.382,-1.67,0.14,-0.71,0.94,250.4,-6.66,0.82,4685,51,48.7,3,227000000,1779129226500000,1,94,226999169,226985200,226997052,0,14,2
2026-05-18 18:33:47,45.478158,9.227271,132.2,12,0.99,62.9,0.022,-0.384,-1.7,-0.14,-0.72,0.94,250.9,-7.24,0.73,4771,54,45.6,3,227500000,1779129227000000,1,95,227498130,227485436,227498192,1,14,1
2026-05-18 18:33:47,45.478158,9.227272,132.2,12,0.98,63.6,0.039,-0.393,-1.03,0.33,-0.73,0.94,251.4,-7.13,0.74,4720,53,49.8,3,228000000,1779129227500000,1,96,227998543,227994777,227998692,1,5,1
2026-05-18 18:33:48,45.478159,9.227272,132.2,12,0.98,64.4,0.024,-0.39,-1.39,0.16,-0.73,0.94,251.9,-6.96,0.76,4804,53,50.5,3,228500000,1779129228000000,1,97,228499456,228494221,228495815,0,5,4
2026-05-18 18:33:48,45.478159,9.227273,132.2,12,0.97,64.1,0.036,-0.409,-1.68,0.53,-0.74,0.94,252.4,-7.48,0.71,4785,52,49.1,3,229000000,1779129228500000,1,94,228998144,228978469,228994303,1,21,5
2026-05-18 18:33:49,45.47816,9.227274,132.2,12,0.96,65.1,0.061,-0.393,-1.2,0.06,-0.75,0.94,252.9,-6.63,0.72,4801,56,51.4,4,229500000,1779129229000000,1,95,229497768,229471383,229493110,2,28,6
2026-05-18 18:33:49,45.47816,9.227274,132.2,11,0.96,63.5,0.062,-0.414,-1.74,0.66,-0.76,0.94,253.4,-7.73,0.82,4579,51,43.4,3,230000000,1779129229500000,1,97,229997120,229970700,229998099,2,29,1
2026-05-18 18:33:50,45.478161,9.227275,132.2,11,0.95,64.4,0.082,-0.411,-1.48,0.03,-0.77,0.95,253.8,-7.9,0.81,4651,49,44.4,3,230500000,1779129230000000,1,93,230498421,230492953,230497820,1,7,2
2026-05-18 18:33:50,45.478161,9.227276,132.2,11,0.95,66.0,0.075,-0.396,-1.49,0.54,-0.77,0.95,254.3,-7.27,0.8,4924,47,45.2,4,231000000,1779129230500000,1,95,230999091,230983012,230993386,0,16,6
2026-05-18 18:33:51,45.478161,9.227277,132.3,11,0.94,66.8,0.082,-0.399,-1.68,0.37,-0.78,0.95,254.8,-6.69,0.74,4733,57,54.0,4,231500000,1779129231000000,1,100,231498922,231474237,231493949,1,25,6
2026-05-18 18:33:51,45.478162,9.227277,132.3,11,0.94,65.2,0.088,-0.397,-1.09,0.74,-0.79,0.95,255.3,-7.36,0.71,4663,51,48.3,4,232000000,1779129231500000,1,100,231998088,231983600,231998844,1,16,1
2026-05-18 18:33:52,45.478162,9.227278,132.3,11,0.93,66.5,0.114,-0.417,-1.37,0.82,-0.8,0.95,255.8,-7.63,0.77,4953,54,47.0,4,232500000,1779129232000000,1,94,232498135,232474484,232497904,1,25,2
2026-05-18 18:33:52,45.478163,9.227279,132.3,11,0.93,68.6,0.127,-0.401,-1.72,0.66,-0.8,0.95,256.3,-7.04,0.8,5024,52,48.4,4,233000000,1779129232500000,1,98,232997841,232978380,232998993,2,21,1
2026-05-18 18:33:53,45.478163,9.227279,132.3,11,0.92,68.5,0.126,-0.419,-1.42,0.37,-0.81,0.95,256.8,-7.28,0.72,5014,52,49.4,4,233500000,1779129233000000,1,97,233497989,233494425,233495488,2,5,4
2026-05-18 18:33:53,45.478163,9.22728,132.3,11,0.92,65.8,0.143,-0.41,-1.01,0.9,-0.82,0.95,257.2,-7.87,0.7,4795,52,45.1,4,234000000,1779129233500000,1,92,233997347,233977524,233994999,2,22,5
2026-05-18 18:33:54,45.478164,9.227281,132.3,11,0.91,68.7,0.133,-0.408,-1.07,0.9,-0.83,0.95,257.7,-7.18,0.74,4918,55,50.2,4,234500000,1779129234000000,1,98,234497512,234488610,234497899,2,11,2
2026-05-18 18:33:54,45.478164,9.227282,132.4,11,0.9,69.2,0.139,-0.436,-1.14,0.47,-0.83,0.95,258.2,-8.39,0.82,5045,53,47.0,4,235000000,1779129234500000,1,94,234997324,234986512,234994673,2,13,5
2026-05-18 18:33:55,45.478165,9.227282,132.4,11,0.9,69.8,0.135,-0.436,-1.97,0.75,-0.84,0.95,258.7,-7.78,0.81,5027,59,52.4,4,235500000,1779129235000000,1,92,235497732,235491105,235493067,2,8,6
2026-05-18 18:33:55,45.478165,9.227283,132.4,11,0.89,69.6,0.159,-0.396,-1.1,0.49,-0.85,0.95,259.2,-6.81,0.77,5146,56,53.3,4,236000000,1779129235500000,1,92,235998479,235980129,235993968,1,19,6
2026-05-18 18:33:56,45.478166,9.227284,132.4,11,0.89,68.4,0.17,-0.411,-1.36,0.62,-0.85,0.95,259.6,-6.91,0.83,5067,56,52.2,4,236500000,1779129236000000,1,98,236498659,236471653,236494638,1,28,5
2026-05-18 18:33:56,45.478166,9.227285,132.4,11,0.88,68.9,0.153,-0.417,-1.47,0.44,-0.86,0.95,260.1,-7.84,0.71,5007,50,42.6,4,237000000,1779129236500000,1,98,236998352,236971568,236993364,1,28,6
2026-05-18 18:33:57,45.478166,9.227285,132.4,11,0.88,68.6,0.156,-0.398,-1.33,0.57,-0.87,0.95,260.6,-7.18,0.82,5081,50,44.9,4,237500000,1779129237000000,1,92,237498387,237483357,237492517,1,16,7
2026-05-18 18:33:57,45.478167,9.227286,132.5,11,0.87,70.9,0.177,-0.384,-1.64,0.64,-0.87,0.95,261.1,-6.97,0.74,5055,52,44.1,4,238000000,1779129237500000,1,92,237999216,237982279,237994763,0,17,5
2026-05-18 18:33:58,45.478167,9.227287,132.5,11,0.86,70.9,0.165,-0.406,-1.06,1.0,-0.88,0.95,261.5,-7.39,0.79,5067,55,47.8,4,238500000,1779129238000000,1,98,238497837,238494743,238497406,2,5,2
2026-05-18 18:33:58,45.478168,9.227288,132.5,11,0.86,72.3,0.181,-0.391,-1.34,0.56,-0.89,0.95,262.0,-7.37,0.77,5185,53,47.6,4,239000000,1779129238500000,1,93,238998396,238980525,238993265,1,19,6
2026-05-18 18:33:59,45.478168,9.227289,132.5,11,0.85,72.4,0.193,-0.383,-1.73,1.02,-0.89,0.95,262.5,-6.36,0.78,5322,57,48.4,4,239500000,1779129239000000,1,100,239499096,239481391,239493574,0,18,6
2026-05-18 18:33:59,45.478169,9.227289,132.5,11,0.85,72.8,0.179,-0.361,-1.01,0.77,-0.9,0.95,263.0,-6.02,0.81,5078,60,56.5,4,240000000,1779129239500000,1,96,239999494,239975651,239994041,0,24,5
2026-05-18 18:34:00,45.478169,9.22729,132.6,11,0.84,72.0,0.185,-0.381,-1.12,0.99,-0.91,0.95,263.4,-6.47,0.75,5185,57,49.9,4,240500000,1779129240000000,1,98,240497209,240483803,240492610,2,16,7
2026-05-18 18:34:00,45.47817,9.227291,132.6,11,0.83,70.7,0.194,-0.361,-1.24,1.11,-0.91,0.95,263.9,-6.89,0.79,5180,55,46.5,4,241000000,1779129240500000,1,100,240998332,240972007,240998024,1,27,1
2026-05-18 18:34:01,45.47817,9.227292,132.6,11,0.83,72.2,0.181,-0.366,-0.96,0.86,-0.92,0.95,264.4,-6.08,0.8,5251,54,48.0,4,241500000,1779129241000000,1,100,241499275,241486755,241498345,0,13,1
2026-05-18 18:34:01,45.478171,9.227292,132.6,11,0.82,73.5,0.17,-0.33,-1.23,0.9,-0.93,0.95,264.8,-6.42,0.79,5276,54,48.2,4,242000000,1779129241500000,1,94,241999211,241973210,241992847,0,26,7
2026-05-18 18:34:02,45.478171,9.227293,132.6,12,0.82,72.4,0.18,-0.349,-0.8,0.6,-0.93,0.94,265.3,-6.13,0.72,5089,55,50.4,4,242500000,1779129242000000,1,96,242497972,242492603,242498216,2,7,1
2026-05-18 18:34:02,45.478171,9.227294,132.7,12,0.81,71.4,0.162,-0.325,-1.3,0.45,-0.94,0.94,265.8,-5.65,0.74,5214,56,48.4,4,243000000,1779129242500000,1,92,242997259,242975172,242998711,2,24,1
2026-05-18 18:34:03,45.478172,9.227295,132.7,12,0.8,72.6,0.175,-0.318,-1.35,0.65,-0.95,0.94,266.2,-5.23,0.82,5339,54,47.4,4,243500000,1779129243000000,1,100,243497306,243494978,243494523,2,5,5
2026-05-18 18:34:03,45.478172,9.227296,132.7,12,0.8,74.1,0.172,-0.302,-0.7,0.71,-0.95,0.94,266.7,-5.01,0.75,5142,60,53.8,4,244000000,1779129243500000,1,96,243999207,243984643,243993657,0,15,6
2026-05-18 18:34:04,45.478173,9.227296,132.7,12,0.79,72.0,0.163,-0.314,-0.78,0.68,-0.96,0.94,267.2,-6.22,0.7,5172,59,50.4,4,244500000,1779129244000000,1,99,244498043,244483502,244497353,1,16,2
2026-05-18 18:34:04,45.478173,9.227297,132.7,12,0.78,71.6,0.151,-0.294,-0.61,0.65,-0.96,0.94,267.6,-5.61,0.73,5066,52,47.9,4,245000000,1779129244500000,1,96,244998610,244986018,244992166,1,13,7
2026-05-18 18:34:05,45.478174,9.227298,132.8,12,0.78,73.6,0.143,-0.27,-0.63,0.29,-0.97,0.94,268.1,-5.4,0.78,5149,57,53.7,4,245500000,1779129245000000,1,94,245497015,245474344,245494004,2,25,5
2026-05-18 18:34:05,45.478174,9.227299,132.8,12,0.77,74.6,0.137,-0.276,-1.07,0.27,-0.98,0.94,268.5,-4.82,0.74,5327,62,53.0,4,246000000,1779129245500000,1,98,245999131,245990033,245995411,0,9,4
2026-05-18 18:34:06,45.478175,9.227299,132.8,12,0.77,71.5,0.158,-0.266,-0.52,0.49,-0.98,0.94,269.0,-5.04,0.73,5010,56,52.0,4,246500000,1779129246000000,1,95,246498361,246491313,246497751,1,8,2
2026-05-18 18:34:06,45.478175,9.2273,132.8,12,0.76,71.6,0.142,-0.252,-0.84,0.58,-0.99,0.93,269.4,-4.43,0.79,5068,53,47.7,4,247000000,1779129246500000,1,97,246997148,246994963,246996923,2,5,3
2026-05-18 18:34:07,45.478176,9.227301,132.9,12,0.75,74.1,0.138,-0.223,-0.59,0.23,-0.99,0.93,269.9,-3.52,0.73,5250,61,53.5,4,247500000,1779129247000000,1,95,247498169,247471100,247497019,1,28,2
2026-05-18 18:34:07,45.478176,9.227302,132.9,12,0.75,74.5,0.139,-0.218,-0.39,0.33,-1.0,0.93,270.3,-3.42,0.72,5185,60,54.2,4,248000000,1779129247500000,1,95,247997938,247991851,247998131,2,8,1
2026-05-18 18:34:08,45.478177,9.227303,132.9,12,0.74,74.2,0.123,-0.177,-0.24,0.37,-1.0,0.93,270.8,-3.25,0.72,5233,59,54.5,4,248500000,1779129248000000,1,96,248498204,248482389,248496303,1,17,3
2026-05-18 18:34:08,45.478177,9.227303,132.9,12,0.74,73.0,0.124,-0.166,-0.51,0.75,-1.01,0.93,271.2,-3.04,0.8,5104,54,47.8,4,249000000,1779129248500000,1,99,248997465,248976646,248998463,2,23,1
2026-05-18 18:34:09,45.478177,9.227304,133.0,13,0.73,73.8,0.103,-0.16,-0.7,0.55,-1.02,0.93,271.7,-2.77,0.72,5400,56,50.7,4,249500000,1779129249000000,1,97,249497481,249476477,249498717,2,23,1
2026-05-18 18:34:09,45.478178,9.227305,133.0,13,0.72,71.8,0.083,-0.159,-0.87,0.41,-1.02,0.92,272.1,-3.19,0.82,5204,53,46.8,4,250000000,1779129249500000,1,96,249997816,249988962,249992600,2,11,7
2026-05-18 18:34:10,45.478178,9.227306,133.0,13,0.72,72.4,0.098,-0.149,-0.48,0.26,-1.03,0.92,272.6,-2.12,0.82,5092,58,53.3,4,250500000,1779129250000000,1,92,250498618,250489369,250493742,1,10,6
2026-05-18 18:34:10,45.478179,9.227307,133.0,13,0.71,71.8,0.062,-0.107,-0.58,0.46,-1.03,0.92,273.0,-1.34,0.79,5242,55,49.8,4,251000000,1779129250500000,1,99,250998811,250977202,250992014,1,22,7
2026-05-18 18:34:11,45.478179,9.227307,133.1,13,0.7,71.6,0.079,-0.097,-0.0,0.51,-1.04,0.92,273.5,-1.84,0.75,5220,54,50.5,4,251500000,1779129251000000,1,92,251498787,251491183,251492977,1,8,7
2026-05-18 18:34:11,45.47818,9.227308,133.1,13,0.7,74.3,0.049,-0.108,-0.43,0.49,-1.04,0.92,273.9,-2.44,0.82,5361,60,51.3,4,252000000,1779129251500000,1,93,251998664,251994986,251992043,1,5,7
2026-05-18 18:34:12,45.47818,9.227309,133.1,13,0.71,70.7,0.062,-0.06,0.16,0.04,-1.05,0.91,274.3,-1.0,0.82,5181,55,50.3,4,252500000,1779129252000000,1,99,252498258,252485952,252493047,1,14,6
2026-05-18 18:34:12,45.478181,9.22731,133.1,13,0.71,72.2,0.054,-0.064,-0.43,0.23,-1.05,0.91,274.8,-0.93,0.73,5087,53,45.9,4,253000000,1779129252500000,1,100,252998770,252977625,252995105,1,22,4
2026-05-18 18:34:13,45.478181,9.22731,133.2,13,0.72,73.1,0.018,-0.054,-0.69,0.21,-1.06,0.91,275.2,-0.68,0.81,5077,56,53.0,4,253500000,1779129253000000,1,95,253499085,253474794,253498619,0,25,1
2026-05-18 18:34:13,45.478182,9.227311,133.2,13,0.73,71.8,0.011,-0.012,-0.36,0.0,-1.06,0.91,275.6,0.09,0.77,5207,56,49.1,4,254000000,1779129253500000,1,92,253998999,253973224,253998068,1,26,1
2026-05-18 18:34:14,45.478182,9.227312,133.2,13,0.73,70.4,0.008,0.003,-0.02,0.4,-1.06,0.9,276.1,-0.3,0.7,5058,59,54.0,4,254500000,1779129254000000,1,94,254499493,254486678,254495013,0,13,4
2026-05-18 18:34:14,45.478182,9.227313,133.2,13,0.74,72.7,-0.008,-0.008,0.24,-0.28,-1.07,0.9,276.5,-0.44,0.75,5113,55,52.4,4,255000000,1779129254500000,1,96,254998576,254982782,254997209,1,17,2
2026-05-18 18:34:15,45.478183,9.227314,133.3,13,0.75,72.6,-0.018,0.032,-0.22,0.26,-1.07,0.9,276.9,0.85,0.83,5104,55,51.6,4,255500000,1779129255000000,1,94,255498355,255477121,255495225,1,22,4
2026-05-18 18:34:15,45.478183,9.227314,133.3,13,0.75,69.2,-0.012,0.015,-0.39,-0.44,-1.08,0.9,277.4,0.7,0.79,5039,54,47.2,4,256000000,1779129255500000,1,95,255999041,255973284,255994659,0,26,5
2026-05-18 18:34:16,45.478184,9.227315,133.3,13,0.76,69.0,-0.031,0.05,-0.01,-0.31,-1.08,0.89,277.8,1.26,0.75,5108,57,51.0,4,256500000,1779129256000000,1,99,256499083,256487739,256496533,0,12,3
2026-05-18 18:34:16,45.478184,9.227316,133.3,13,0.76,71.9,-0.028,0.079,0.5,0.07,-1.09,0.89,278.2,0.98,0.79,5264,56,53.1,4,257000000,1779129256500000,1,99,256997296,256984809,256992930,2,15,7
2026-05-18 18:34:17,45.478185,9.227317,133.4,14,0.77,72.1,-0.046,0.077,0.19,0.11,-1.09,0.89,278.6,1.46,0.71,5094,55,47.3,4,257500000,1779129257000000,1,92,257499075,257484937,257497953,0,15,2
2026-05-18 18:34:17,45.478185,9.227317,133.4,14,0.78,71.4,-0.047,0.081,0.11,0.15,-1.1,0.89,279.0,1.89,0.73,5066,55,51.4,4,258000000,1779129257500000,1,94,257997052,257975574,257995700,2,24,4
2026-05-18 18:34:18,45.478186,9.227318,133.4,14,0.78,68.3,-0.056,0.109,0.39,-0.03,-1.1,0.88,279.5,1.59,0.77,4826,54,48.4,4,258500000,1779129258000000,1,95,258498252,258475137,258494010,1,24,5
2026-05-18 18:34:18,45.478186,9.227319,133.5,14,0.79,68.5,-0.084,0.105,0.52,-0.49,-1.1,0.88,279.9,1.92,0.72,5032,51,46.8,4,259000000,1779129258500000,1,93,258997899,258992098,258997769,2,7,2
2026-05-18 18:34:19,45.478186,9.22732,133.5,14,0.8,70.9,-0.098,0.136,0.02,-0.66,-1.11,0.88,280.3,2.49,0.83,5184,59,52.0,4,259500000,1779129259000000,1,100,259498228,259492871,259496659,1,7,3
2026-05-18 18:34:19,45.478187,9.22732,133.5,14,0.8,70.5,-0.1,0.134,0.32,-0.04,-1.11,0.87,280.7,2.97,0.7,4993,54,50.5,4,260000000,1779129259500000,1,95,259998636,259978062,259993219,1,21,6
2026-05-18 18:34:20,45.478187,9.227321,133.5,14,0.81,67.1,-0.089,0.175,0.43,-0.55,-1.11,0.87,281.1,3.21,0.71,4899,48,43.6,4,260500000,1779129260000000,1,94,260498560,260472104,260496816,1,27,3
2026-05-18 18:34:20,45.478188,9.227322,133.6,14,0.81,69.0,-0.111,0.174,1.05,-0.54,-1.12,0.87,281.5,3.05,0.74,5077,55,49.4,4,261000000,1779129260500000,1,99,260998744,260981618,260996153,1,18,3
2026-05-18 18:34:21,45.478188,9.227323,133.6,14,0.82,66.9,-0.123,0.196,1.04,-0.71,-1.12,0.87,281.9,3.78,0.83,4956,52,48.9,4,261500000,1779129261000000,1,93,261498034,261480404,261495900,1,19,4
2026-05-18 18:34:21,45.478189,9.227323,133.6,14,0.83,65.7,-0.118,0.202,0.78,-0.24,-1.13,0.86,282.3,4.14,0.76,4722,55,49.4,4,262000000,1779129261500000,1,100,261998005,261981587,261997966,1,18,2
2026-05-18 18:34:22,45.478189,9.227324,133.7,14,0.83,65.4,-0.124,0.227,1.29,-0.26,-1.13,0.86,282.7,3.76,0.7,4859,53,49.7,4,262500000,1779129262000000,1,93,262498155,262492649,262498174,1,7,1
2026-05-18 18:34:22,45.478189,9.227325,133.7,14,0.84,65.7,-0.131,0.235,0.66,-0.31,-1.13,0.86,283.1,4.58,0.72,4781,54,49.2,4,263000000,1779129262500000,1,94,262998867,262993787,262995282,1,6,4
2026-05-18 18:34:23,45.47819,9.227325,133.7,14,0.84,65.9,-0.148,0.235,0.39,-0.47,-1.14,0.85,283.5,4.46,0.74,4818,52,46.0,4,263500000,1779129263000000,1,96,263498554,263476305,263495221,1,23,4
2026-05-18 18:34:23,45.47819,9.227326,133.8,14,0.85,64.3,-0.149,0.259,1.38,-0.74,-1.14,0.85,283.9,4.51,0.71,4740,53,45.8,3,264000000,1779129263500000,1,96,263997263,263985055,263998087,2,14,1
2026-05-18 18:34:24,45.478191,9.227327,133.8,14,0.86,65.5,-0.149,0.279,0.75,-0.96,-1.14,0.85,284.3,5.23,0.74,4875,52,44.8,4,264500000,1779129264000000,1,93,264498131,264494630,264496501,1,5,3
2026-05-18 18:34:24,45.478191,9.227328,133.8,14,0.86,65.5,-0.174,0.298,1.53,-0.93,-1.14,0.84,284.7,5.14,0.79,4692,49,46.2,4,265000000,1779129264500000,1,96,264998346,264984079,264997703,1,15,2
2026-05-18 18:34:25,45.478191,9.227328,133.8,14,0.87,64.6,-0.171,0.297,1.23,-0.95,-1.15,0.84,285.1,4.77,0.74,4851,52,49.5,3,265500000,1779129265000000,1,98,265498627,265486520,265496254,1,13,3
2026-05-18 18:34:25,45.478192,9.227329,133.9,14,0.87,64.5,-0.166,0.31,1.5,-0.35,-1.15,0.84,285.5,5.86,0.74,4782,56,50.5,3,266000000,1779129265500000,1,98,265998468,265990882,265998740,1,9,1
2026-05-18 18:34:26,45.478192,9.22733,133.9,14,0.88,65.0,-0.179,0.331,0.94,-0.43,-1.15,0.83,285.9,5.95,0.73,4658,55,49.5,3,266500000,1779129266000000,1,98,266499082,266494581,266492066,0,5,7
2026-05-18 18:34:26,45.478193,9.22733,133.9,14,0.89,63.2,-0.178,0.343,1.06,-0.55,-1.16,0.83,286.3,6.14,0.82,4556,46,38.9,3,267000000,1779129266500000,1,99,266998539,266988261,266993191,1,11,6
2026-05-18 18:34:27,45.478193,9.227331,134.0,14,0.89,61.9,-0.175,0.344,1.57,-0.61,-1.16,0.83,286.6,6.07,0.75,4569,51,48.5,3,267500000,1779129267000000,1,98,267497251,267481197,267497557,2,18,2
2026-05-18 18:34:27,45.478193,9.227332,134.0,14,0.9,64.3,-0.164,0.327,0.93,-0.43,-1.16,0.82,287.0,5.87,0.83,4790,51,44.3,3,268000000,1779129267500000,1,92,267999148,267985695,267998111,0,14,1
2026-05-18 18:34:28,45.478194,9.227332,134.0,14,0.9,61.2,-0.18,0.357,1.69,-0.44,-1.16,0.82,287.4,6.93,0.74,4427,51,43.9,3,268500000,1779129268000000,1,98,268497141,268491715,268493047,2,8,6
2026-05-18 18:34:28,45.478194,9.227333,134.1,14,0.91,60.0,-0.181,0.351,1.19,-0.53,-1.17,0.81,287.8,6.66,0.83,4555,46,38.6,3,269000000,1779129268500000,1,99,268997857,268973285,268998173,2,26,1
2026-05-18 18:34:29,45.478195,9.227334,134.1,14,0.91,59.3,-0.19,0.375,1.33,-0.98,-1.17,0.81,288.2,6.16,0.78,4555,48,45.5,3,269500000,1779129269000000,1,92,269498623,269471924,269495445,1,28,4
2026-05-18 18:34:29,45.478195,9.227334,134.1,14,0.92,58.6,-0.172,0.366,1.34,-0.85,-1.17,0.81,288.5,6.68,0.79,4321,43,39.6,3,270000000,1779129269500000,1,92,269997508,269974293,269992211,2,25,7
2026-05-18 18:34:30,45.478195,9.227335,134.2,14,0.93,58.1,-0.182,0.396,1.17,-0.43,-1.17,0.8,288.9,6.84,0.74,4283,51,45.0,3,270500000,1779129270000000,1,96,270499483,270491390,270498293,0,8,1
2026-05-18 18:34:30,45.478196,9.227336,134.2,14,0.93,60.6,-0.17,0.386,1.65,-0.98,-1.18,0.8,289.3,6.74,0.79,4538,48,44.3,3,271000000,1779129270500000,1,94,270998793,270978472,270993212,1,21,6
2026-05-18 18:34:31,45.478196,9.227336,134.2,14,0.94,57.9,-0.185,0.38,1.68,-0.68,-1.18,0.8,289.6,6.99,0.74,4437,47,39.3,3,271500000,1779129271000000,1,100,271499303,271472300,271493363,0,27,6
2026-05-18 18:34:31,45.478196,9.227337,134.3,14,0.94,58.1,-0.181,0.401,1.68,-0.59,-1.18,0.79,290.0,7.72,0.7,4305,48,43.4,3,272000000,1779129271500000,1,94,271998846,271993028,271993237,1,6,6
2026-05-18 18:34:32,45.478197,9.227337,134.3,14,0.95,57.9,-0.172,0.408,1.57,-0.44,-1.18,0.79,290.4,7.37,0.75,4344,48,42.0,3,272500000,1779129272000000,1,92,272498063,272478818,272495444,1,21,4
2026-05-18 18:34:32,45.478197,9.227338,134.3,14,0.95,55.8,-0.16,0.415,0.99,-0.34,-1.18,0.78,290.7,7.19,0.76,4218,41,36.2,3,273000000,1779129272500000,1,100,272998618,272989283,272996173,1,10,3
2026-05-18 18:34:33,45.478198,9.227339,134.4,14,0.96,55.3,-0.162,0.43,1.02,-0.5,-1.18,0.78,291.1,7.79,0.75,4119,43,35.9,3,273500000,1779129273000000,1,99,273498108,273483507,273494342,1,16,5
2026-05-18 18:34:33,45.478198,9.227339,134.4,14,0.96,58.4,-0.144,0.433,1.04,-0.66,-1.19,0.78,291.4,8.08,0.79,4428,51,48.8,3,274000000,1779129273500000,1,95,273997539,273989714,273995048,2,10,4
2026-05-18 18:34:34,45.478198,9.22734,134.4,14,0.97,55.8,-0.159,0.427,1.42,-0.93,-1.19,0.77,291.8,7.97,0.81,4287,48,46.1,3,274500000,1779129274000000,1,98,274499367,274476841,274492565,0,23,7
2026-05-18 18:34:34,45.478199,9.22734,134.5,14,0.97,56.3,-0.143,0.404,1.4,-0.31,-1.19,0.77,292.1,7.59,0.74,4272,48,46.0,3,275000000,1779129274500000,1,97,274997183,274976411,274996520,2,23,3
2026-05-18 18:34:35,45.478199,9.227341,134.5,14,0.98,56.5,-0.133,0.414,1.32,-0.71,-1.19,0.76,292.5,7.05,0.75,4321,49,41.8,3,275500000,1779129275000000,1,95,275498131,275480651,275497823,1,19,2
2026-05-18 18:34:35,45.478199,9.227342,134.5,14,0.98,52.7,-0.116,0.42,0.99,-0.5,-1.19,0.76,292.8,7.69,0.73,4044,43,38.3,3,276000000,1779129275500000,1,93,275997762,275990620,275995621,2,9,4
2026-05-18 18:34:36,45.4782,9.227342,134.6,14,0.99,53.3,-0.122,0.431,1.55,-0.21,-1.19,0.76,293.2,7.17,0.81,4025,38,33.3,3,276500000,1779129276000000,1,98,276497367,276488437,276493947,2,11,6
2026-05-18 18:34:36,45.4782,9.227343,134.6,14,0.99,53.8,-0.124,0.41,1.28,-0.55,-1.19,0.75,293.5,7.04,0.71,4100,40,36.8,3,277000000,1779129276500000,1,95,276999230,276990495,276998252,0,9,1
2026-05-18 18:34:37,45.4782,9.227343,134.6,14,1.0,51.2,-0.111,0.415,1.6,-0.58,-1.19,0.75,293.9,7.03,0.75,3895,40,34.6,3,277500000,1779129277000000,1,100,277497653,277482262,277493935,2,17,6
2026-05-18 18:34:37,45.478201,9.227344,134.7,14,1.0,51.3,-0.114,0.427,1.44,-0.58,-1.2,0.74,294.2,8.22,0.8,4119,41,38.1,3,278000000,1779129277500000,1,100,277997823,277986599,277994734,2,13,5
2026-05-18 18:34:38,45.478201,9.227344,134.7,14,1.01,53.0,-0.088,0.399,1.33,-0.18,-1.2,0.74,294.6,6.92,0.74,4125,39,35.1,3,278500000,1779129278000000,1,95,278498490,278486191,278493012,1,13,6
2026-05-18 18:34:38,45.478201,9.227345,134.7,14,1.01,52.9,-0.074,0.421,1.1,0.08,-1.2,0.74,294.9,7.37,0.77,3964,38,36.8,3,279000000,1779129278500000,1,97,278998151,278970623,278997432,1,29,2
2026-05-18 18:34:39,45.478202,9.227346,134.8,14,1.02,52.6,-0.061,0.423,1.78,-0.45,-1.2,0.73,295.2,7.13,0.82,4076,41,38.0,3,279500000,1779129279000000,1,95,279497692,279480557,279494844,2,19,5
2026-05-18 18:34:39,45.478202,9.227346,134.8,14,1.02,50.8,-0.056,0.401,0.97,-0.08,-1.2,0.73,295.6,7.26,0.75,4132,41,35.5,3,280000000,1779129279500000,1,93,279998738,279992953,279996275,1,7,3
2026-05-18 18:34:40,45.478202,9.227347,134.8,14,1.03,50.0,-0.052,0.402,1.12,-0.09,-1.2,0.72,295.9,7.61,0.76,3805,37,35.0,3,280500000,1779129280000000,1,98,280497460,280490167,280496224,2,9,3
2026-05-18 18:34:40,45.478203,9.227347,134.9,14,1.03,47.9,-0.033,0.401,1.32,0.06,-1.2,0.72,296.2,7.17,0.74,3684,36,32.7,3,281000000,1779129280500000,1,95,280998043,280983056,280998814,1,16,1
2026-05-18 18:34:41,45.478203,9.227348,134.9,14,1.04,47.3,-0.039,0.376,1.4,0.1,-1.2,0.71,296.5,7.01,0.73,3789,39,36.4,3,281500000,1779129281000000,1,96,281497760,281492849,281492926,2,7,7
2026-05-18 18:34:41,45.478203,9.227348,134.9,14,1.04,48.0,-0.035,0.367,1.57,-0.39,-1.2,0.71,296.9,6.25,0.72,3756,37,31.6,3,282000000,1779129281500000,1,97,281998516,281983183,281996728,1,16,3
2026-05-18 18:34:42,45.478203,9.227349,135.0,14,1.05,47.6,-0.008,0.362,1.68,-0.37,-1.2,0.71,297.2,6.41,0.82,3801,41,38.1,3,282500000,1779129282000000,1,93,282498601,282482848,282493388,1,17,6
2026-05-18 18:34:42,45.478204,9.227349,135.0,14,1.05,47.0,-0.014,0.358,1.19,-0.42,-1.2,0.7,297.5,6.67,0.83,3682,36,33.3,3,283000000,1779129282500000,1,95,282998301,282970491,282993326,1,29,6
2026-05-18 18:34:43,45.478204,9.22735,135.0,14,1.06,47.9,0.004,0.355,1.53,-0.32,-1.2,0.7,297.8,6.37,0.82,3747,34,32.8,3,283500000,1779129283000000,1,99,283498726,283476160,283495060,1,23,4
2026-05-18 18:34:43,45.478204,9.22735,135.1,14,1.06,47.7,0.023,0.358,0.86,-0.18,-1.2,0.71,298.1,6.34,0.73,3906,38,34.8,3,284000000,1779129283500000,1,99,283997191,283975714,283993396,2,24,6
2026-05-18 18:34:44,45.478205,9.227351,135.1,14,1.06,45.8,0.032,0.356,0.79,0.41,-1.2,0.71,298.5,6.25,0.77,3626,34,28.0,3,284500000,1779129284000000,1,94,284497134,284483880,284493519,2,16,6
2026-05-18 18:34:44,45.478205,9.227351,135.1,14,1.07,45.3,0.032,0.334,0.9,0.13,-1.2,0.71,298.8,5.52,0.71,3678,38,36.3,3,285000000,1779129284500000,1,92,284998560,284992932,284998539,1,7,1
2026-05-18 18:34:45,45.478205,9.227352,135.2,14,1.07,44.4,0.053,0.308,0.89,-0.13,-1.2,0.72,299.1,5.07,0.78,3762,38,31.7,3,285500000,1779129285000000,1,96,285498612,285473166,285494657,1,26,5
2026-05-18 18:34:45,45.478205,9.227352,135.2,14,1.08,46.0,0.048,0.303,1.26,0.03,-1.2,0.72,299.4,5.91,0.75,3838,35,30.8,3,286000000,1779129285500000,1,94,285997349,285992274,285996645,2,7,3
2026-05-18 18:34:46,45.478206,9.227353,135.2,14,1.08,45.3,0.051,0.321,1.44,0.57,-1.2,0.73,299.7,6.27,0.77,3580,35,33.4,3,286500000,1779129286000000,1,95,286498188,286471381,286496888,1,28,3
2026-05-18 18:34:46,45.478206,9.227353,135.3,14,1.09,43.5,0.063,0.304,1.11,0.32,-1.2,0.73,300.0,5.52,0.73,3569,34,30.8,3,287000000,1779129286500000,1,94,286999011,286989663,286995443,0,10,4
2026-05-18 18:34:47,45.478206,9.227354,135.3,14,1.09,43.2,0.068,0.297,0.76,0.65,-1.2,0.74,300.3,4.91,0.79,3561,32,26.7,3,287500000,1779129287000000,1,97,287498756,287487945,287496498,1,12,3
2026-05-18 18:34:47,45.478207,9.227354,135.3,14,1.09,41.8,0.102,0.273,0.87,0.27,-1.2,0.74,300.6,4.92,0.72,3430,32,29.8,3,288000000,1779129287500000,1,99,287997113,287993972,287997113,2,6,2
2026-05-18 18:34:48,45.478207,9.227355,135.3,14,1.1,42.2,0.11,0.246,0.62,0.08,-1.2,0.74,300.9,4.75,0.81,3439,33,27.1,3,288500000,1779129288000000,1,98,288497534,288489726,288496103,2,10,3
2026-05-18 18:34:48,45.478207,9.227355,135.4,14,1.1,43.1,0.1,0.226,0.9,0.29,-1.19,0.75,301.2,3.54,0.82,3434,31,26.2,3,289000000,1779129288500000,1,95,288997162,288989207,288994100,2,10,5
2026-05-18 18:34:49,45.478207,9.227356,135.4,14,1.1,41.5,0.129,0.237,0.56,0.91,-1.19,0.75,301.5,4.27,0.75,3507,34,30.8,3,289500000,1779129289000000,1,96,289497046,289471795,289496584,2,28,3
2026-05-18 18:34:49,45.478208,9.227356,135.4,14,1.11,40.8,0.123,0.225,0.29,0.16,-1.19,0.76,301.8,4.6,0.81,3344,33,32.2,3,290000000,1779129289500000,1,96,289998390,289992728,289998914,1,7,1
2026-05-18 18:34:50,45.478208,9.227356,135.5,14,1.11,40.8,0.123,0.219,0.84,0.34,-1.19,0.76,302.1,4.0,0.81,3483,27,23.9,3,290500000,1779129290000000,1,98,290498888,290491508,290495260,1,8,4
2026-05-18 18:34:50,45.478208,9.227357,135.5,14,1.12,40.2,0.138,0.181,0.98,0.37,-1.19,0.76,302.4,3.19,0.74,3428,33,32.3,3,291000000,1779129290500000,1,97,290998059,290983734,290993012,1,16,6
2026-05-18 18:34:51,45.478208,9.227357,135.5,14,1.12,39.1,0.15,0.187,1.08,0.72,-1.19,0.77,302.7,3.79,0.76,3316,31,28.2,2,291500000,1779129291000000,1,97,291498338,291487927,291493654,1,12,6
2026-05-18 18:34:51,45.478209,9.227358,135.6,14,1.12,39.5,0.149,0.145,0.76,0.88,-1.19,0.77,302.9,2.32,0.79,3396,32,25.8,2,292000000,1779129291500000,1,97,291997609,291992856,291995148,2,7,4
2026-05-18 18:34:52,45.478209,9.227358,135.6,14,1.13,39.4,0.168,0.14,0.59,0.98,-1.19,0.78,303.2,3.09,0.7,3374,35,28.5,2,292500000,1779129292000000,1,99,292498023,292491974,292496548,1,8,3
2026-05-18 18:34:52,45.478209,9.227359,135.6,14,1.13,40.0,0.166,0.147,0.43,0.57,-1.18,0.78,303.5,2.47,0.7,3371,33,29.1,2,293000000,1779129292500000,1,99,292998985,292982108,292992998,1,17,7
2026-05-18 18:34:53,45.478209,9.227359,135.7,13,1.13,38.6,0.165,0.136,0.79,0.33,-1.18,0.78,303.8,2.46,0.74,3422,35,34.4,2,293500000,1779129293000000,1,97,293497534,293471534,293498407,2,28,1
2026-05-18 18:34:53,45.47821,9.227359,135.7,13,1.13,39.7,0.168,0.124,0.67,0.56,-1.18,0.79,304.1,1.89,0.73,3293,33,29.9,2,294000000,1779129293500000,1,98,293999223,293993685,293992128,0,6,7
2026-05-18 18:34:54,45.47821,9.22736,135.7,13,1.14,39.2,0.16,0.071,0.58,0.67,-1.18,0.79,304.3,1.8,0.78,3383,30,29.1,2,294500000,1779129294000000,1,92,294497713,294482907,294498952,2,17,1
2026-05-18 18:34:54,45.47821,9.22736,135.8,13,1.14,39.5,0.171,0.058,0.22,0.37,-1.18,0.8,304.6,1.32,0.76,3296,28,27.6,2,295000000,1779129294500000,1,100,294998224,294975777,294996234,1,24,3
2026-05-18 18:34:55,45.47821,9.227361,135.8,13,1.14,38.4,0.185,0.039,0.2,0.88,-1.18,0.8,304.9,0.41,0.81,3275,31,30.2,2,295500000,1779129295000000,1,96,295497875,295480834,295494210,2,19,5
2026-05-18 18:34:55,45.478211,9.227361,135.8,13,1.15,37.4,0.17,0.048,-0.01,0.6,-1.17,0.8,305.2,0.77,0.72,3111,27,25.7,2,296000000,1779129295500000,1,96,295997027,295981422,295998791,2,18,1
2026-05-18 18:34:56,45.478211,9.227361,135.9,13,1.15,39.3,0.172,0.041,0.31,0.88,-1.17,0.81,305.4,0.97,0.75,3264,32,28.5,2,296500000,1779129296000000,1,97,296497328,296486800,296494169,2,13,5
2026-05-18 18:34:56,45.478211,9.227362,135.9,13,1.15,39.6,0.192,-0.006,0.16,0.43,-1.17,0.81,305.7,0.02,0.81,3404,35,32.4,2,297000000,1779129296500000,1,96,296998659,296974281,296993383,1,25,6
2026-05-18 18:34:57,45.478211,9.227362,135.9,13,1.15,36.5,0.176,-0.023,-0.57,0.87,-1.17,0.81,306.0,-0.86,0.79,3184,33,28.1,2,297500000,1779129297000000,1,92,297498173,297473761,297492619,1,26,7
2026-05-18 18:34:57,45.478212,9.227363,136.0,13,1.16,39.3,0.171,-0.012,0.19,0.85,-1.16,0.82,306.2,-0.23,0.74,3499,30,29.3,2,298000000,1779129297500000,1,99,297998767,297983572,297993053,1,16,6
2026-05-18 18:34:58,45.478212,9.227363,136.0,13,1.16,37.6,0.176,-0.028,-0.21,0.93,-1.16,0.82,306.5,-0.15,0.72,3339,26,24.6,2,298500000,1779129298000000,1,95,298498902,298493151,298495954,1,6,4
2026-05-18 18:34:58,45.478212,9.227364,136.0,13,1.16,35.6,0.191,-0.057,-0.04,1.03,-1.16,0.83,306.8,-0.72,0.82,3030,25,21.7,2,299000000,1779129298500000,1,93,298997687,298975472,298994666,2,24,5
2026-05-18 18:34:59,45.478212,9.227364,136.1,13,1.16,38.4,0.173,-0.06,-0.41,0.72,-1.16,0.83,307.0,-1.59,0.79,3385,28,27.7,2,299500000,1779129299000000,1,94,299498949,299494605,299496739,1,5,3
2026-05-18 18:34:59,45.478213,9.227364,136.1,13,1.17,37.2,0.178,-0.086,-0.66,0.55,-1.15,0.83,307.3,-1.35,0.82,3167,27,22.7,2,300000000,1779129299500000,1,99,299999318,299974845,299995087,0,25,4
2026-05-18 18:35:00,45.478213,9.227365,136.1,13,1.17,35.9,0.168,-0.093,-0.38,1.0,-1.15,0.84,307.5,-1.3,0.74,3223,29,27.1,2,300500000,1779129300000000,1,98,300499234,300477378,300492027,0,22,7
2026-05-18 18:35:00,45.478213,9.227365,136.2,13,1.17,37.8,0.165,-0.109,-0.61,0.7,-1.15,0.84,307.8,-1.55,0.78,3422,30,25.5,2,301000000,1779129300500000,1,98,300999187,300985312,300998402,0,14,1
2026-05-18 18:35:01,45.478213,9.227366,136.2,13,1.17,38.5,0.156,-0.116,-0.88,0.56,-1.14,0.84,308.0,-2.39,0.71,3388,26,21.6,2,301500000,1779129301000000,1,99,301498613,301472577,301497375,1,27,2
2026-05-18 18:35:01,45.478213,9.227366,136.2,12,1.18,35.6,0.158,-0.148,-0.15,1.06,-1.14,0.85,308.3,-2.68,0.81,3066,28,25.0,2,302000000,1779129301500000,1,92,301997945,301972304,301992965,2,27,7
2026-05-18 18:35:02,45.478214,9.227366,136.2,12,1.18,37.3,0.144,-0.172,-0.67,0.67,-1.14,0.85,308.5,-2.66,0.74,3340,32,26.1,2,302500000,1779129302000000,1,96,302498004,302473544,302496694,1,26,3
2026-05-18 18:35:02,45.478214,9.227367,136.3,12,1.18,37.1,0.14,-0.166,-0.22,0.68,-1.14,0.85,308.8,-3.44,0.75,3323,33,29.0,2,303000000,1779129302500000,1,95,302998248,302990274,302997185,1,9,2
2026-05-18 18:35:03,45.478214,9.227367,136.3,12,1.18,37.4,0.137,-0.196,-0.56,0.45,-1.13,0.86,309.0,-3.93,0.82,3131,27,27.2,2,303500000,1779129303000000,1,100,303499106,303489953,303493861,0,10,6
2026-05-18 18:35:03,45.478214,9.227368,136.3,12,1.18,37.1,0.123,-0.183,-0.57,0.28,-1.13,0.86,309.3,-3.35,0.76,3213,30,27.3,2,304000000,1779129303500000,1,99,303997523,303980383,303993844,2,19,6
2026-05-18 18:35:04,45.478215,9.227368,136.4,12,1.18,36.5,0.117,-0.2,-0.52,0.12,-1.13,0.86,309.5,-3.74,0.82,3176,34,30.6,2,304500000,1779129304000000,1,98,304497571,304478550,304498983,2,21,1
2026-05-18 18:35:04,45.478215,9.227368,136.4,12,1.19,37.2,0.106,-0.236,-0.78,0.17,-1.12,0.87,309.8,-4.02,0.72,3169,31,27.5,2,305000000,1779129304500000,1,92,304997549,304975176,304995834,2,24,4
2026-05-18 18:35:05,45.478215,9.227369,136.4,12,1.19,37.2,0.126,-0.239,-1.03,0.48,-1.12,0.87,310.0,-4.82,0.81,3352,26,23.5,2,305500000,1779129305000000,1,94,305498607,305493132,305494980,1,6,5
2026-05-18 18:35:05,45.478215,9.227369,136.5,12,1.19,38.8,0.096,-0.242,-0.5,0.61,-1.11,0.87,310.3,-4.52,0.76,3196,27,26.2,2,306000000,1779129305500000,1,92,305998485,305974435,305994917,1,25,5
2026-05-18 18:35:06,45.478216,9.22737,136.5,12,1.19,37.9,0.08,-0.252,-0.42,0.43,-1.11,0.87,310.5,-4.91,0.81,3164,29,26.3,2,306500000,1779129306000000,1,100,306498963,306494181,306498442,1,5,1
2026-05-18 18:35:06,45.478216,9.22737,136.5,12,1.19,35.8,0.094,-0.278,-0.89,0.67,-1.11,0.88,310.7,-5.34,0.81,3040,28,23.7,2,307000000,1779129306500000,1,98,306998529,306975308,306995346,1,24,4
2026-05-18 18:35:07,45.478216,9.22737,136.5,12,1.19,36.9,0.067,-0.28,-0.98,0.51,-1.1,0.88,311.0,-4.97,0.73,3263,31,26.2,2,307500000,1779129307000000,1,95,307497304,307475525,307492171,2,24,7
2026-05-18 18:35:07,45.478216,9.227371,136.6,12,1.19,38.0,0.062,-0.305,-1.42,0.13,-1.1,0.88,311.2,-5.48,0.81,3375,33,31.3,2,308000000,1779129307500000,1,96,307998694,307977261,307994001,1,22,5
2026-05-18 18:35:08,45.478217,9.227371,136.6,11,1.19,37.4,0.065,-0.319,-1.61,0.22,-1.1,0.89,311.4,-5.59,0.78,3173,27,26.0,2,308500000,1779129308000000,1,94,308499410,308490656,308496268,0,9,3
2026-05-18 18:35:08,45.478217,9.227372,136.6,11,1.2,38.3,0.054,-0.327,-1.43,-0.07,-1.09,0.89,311.7,-5.7,0.83,3370,31,27.5,2,309000000,1779129308500000,1,93,308998276,308987878,308995908,1,12,4
2026-05-18 18:35:09,45.478217,9.227372,136.7,11,1.2,36.8,0.036,-0.344,-1.28,0.46,-1.09,0.89,311.9,-5.69,0.8,3080,27,25.7,2,309500000,1779129309000000,1,94,309498960,309480755,309496682,1,19,3
2026-05-18 18:35:09,45.478217,9.227372,136.7,11,1.2,38.4,0.037,-0.324,-0.78,0.29,-1.08,0.89,312.1,-6.11,0.81,3239,26,25.1,2,310000000,1779129309500000,1,98,309997458,309986513,309992278,2,13,7
2026-05-18 18:35:10,45.478217,9.227373,136.7,11,1.2,38.4,0.021,-0.364,-0.96,0.05,-1.08,0.9,312.4,-6.24,0.76,3237,28,25.1,2,310500000,1779129310000000,1,96,310497491,310494491,310495785,2,5,4
2026-05-18 18:35:10,45.478218,9.227373,136.7,11,1.2,38.6,0.012,-0.371,-1.43,-0.17,-1.07,0.9,312.6,-6.4,0.82,3202,30,29.3,2,311000000,1779129310500000,1,92,310998440,310989113,310993363,1,10,6
2026-05-18 18:35:11,45.478218,9.227374,136.8,11,1.2,39.5,-0.0,-0.363,-1.16,-0.32,-1.07,0.9,312.8,-6.55,0.7,3444,32,29.8,2,311500000,1779129311000000,1,95,311497768,311493924,311498469,2,6,1
2026-05-18 18:35:11,45.478218,9.227374,136.8,11,1.2,37.5,-0.006,-0.359,-1.64,-0.1,-1.06,0.9,313.1,-7.02,0.72,3214,29,26.8,2,312000000,1779129311500000,1,92,311999303,311976889,311996610,0,23,3
2026-05-18 18:35:12,45.478218,9.227374,136.8,11,1.2,38.3,-0.018,-0.38,-1.8,-0.18,-1.06,0.91,313.3,-7.22,0.8,3191,33,28.8,2,312500000,1779129312000000,1,97,312499496,312482680,312497518,0,17,2
2026-05-18 18:35:12,45.478219,9.227375,136.8,11,1.2,39.0,-0.035,-0.383,-0.97,0.11,-1.06,0.91,313.5,-6.39,0.81,3238,29,27.0,2,313000000,1779129312500000,1,94,312997821,312991651,312992041,2,8,7
2026-05-18 18:35:13,45.478219,9.227375,136.9,11,1.2,42.2,-0.03,-0.403,-1.52,0.09,-1.05,0.91,313.7,-7.53,0.81,3655,35,32.0,3,313500000,1779129313000000,1,95,313497500,313494199,313496900,2,5,3
2026-05-18 18:35:13,45.478219,9.227376,136.9,11,1.2,38.8,-0.053,-0.413,-1.24,-0.06,-1.05,0.91,314.0,-7.67,0.72,3246,26,24.6,2,314000000,1779129313500000,1,99,313998502,313971881,313997037,1,28,2
2026-05-18 18:35:14,45.478219,9.227376,136.9,11,1.2,41.5,-0.065,-0.412,-1.08,-0.22,-1.04,0.92,314.2,-7.07,0.72,3609,29,24.0,3,314500000,1779129314000000,1,95,314499374,314493119,314494838,0,6,5
2026-05-18 18:35:14,45.47822,9.227377,136.9,11,1.2,40.2,-0.074,-0.387,-1.37,-0.49,-1.04,0.92,314.4,-7.51,0.78,3380,34,30.1,3,315000000,1779129314500000,1,100,314998174,314976145,314996516,1,23,3
2026-05-18 18:35:15,45.47822,9.227377,137.0,11,1.2,43.1,-0.074,-0.413,-1.63,-0.47,-1.03,0.92,314.6,-7.53,0.72,3528,31,30.5,3,315500000,1779129315000000,1,99,315498704,315487368,315497342,1,12,2
2026-05-18 18:35:15,45.47822,9.227378,137.0,11,1.2,42.0,-0.075,-0.432,-1.83,0.03,-1.03,0.92,314.8,-8.23,0.73,3581,32,30.1,3,316000000,1779129315500000,1,99,315998786,315976731,315994536,1,23,5
2026-05-18 18:35:16,45.478221,9.227378,137.0,11,1.2,40.7,-0.1,-0.414,-1.54,-0.61,-1.02,0.92,315.1,-7.46,0.83,3506,33,31.5,3,316500000,1779129316000000,1,94,316498072,316481228,316496385,1,18,3
2026-05-18 18:35:16,45.478221,9.227378,137.0,11,1.2,44.4,-0.11,-0.426,-1.49,-0.79,-1.02,0.93,315.3,-7.57,0.79,3774,39,34.4,3,317000000,1779129316500000,1,93,316998010,316985472,316994607,1,14,5
2026-05-18 18:35:17,45.478221,9.227379,137.1,11,1.2,41.3,-0.099,-0.399,-1.67,-0.49,-1.01,0.93,315.5,-7.69,0.74,3462,31,26.2,3,317500000,1779129317000000,1,95,317498758,317488518,317494140,1,11,5
2026-05-18 18:35:17,45.478221,9.227379,137.1,11,1.2,42.2,-0.123,-0.415,-1.62,-0.81,-1.0,0.93,315.7,-7.64,0.76,3620,35,32.3,3,318000000,1779129317500000,1,96,317997858,317983853,317996553,2,16,3
2026-05-18 18:35:18,45.478222,9.22738,137.1,11,1.2,44.7,-0.139,-0.431,-1.75,-0.31,-1.0,0.93,315.9,-7.86,0.75,3762,36,34.0,3,318500000,1779129318000000,1,97,318497258,318489262,318498776,2,10,1
2026-05-18 18:35:18,45.478222,9.22738,137.1,11,1.2,42.7,-0.132,-0.412,-1.12,-0.4,-0.99,0.93,316.1,-7.9,0.82,3599,31,26.3,3,319000000,1779129318500000,1,92,318998914,318993521,318995304,1,6,4
2026-05-18 18:35:19,45.478222,9.227381,137.2,11,1.2,44.1,-0.126,-0.431,-1.12,-0.22,-0.99,0.93,316.4,-7.53,0.7,3745,32,26.6,3,319500000,1779129319000000,1,96,319498454,319489882,319496179,1,10,3
2026-05-18 18:35:19,45.478222,9.227381,137.2,11,1.2,43.9,-0.14,-0.423,-1.06,-0.73,-0.98,0.94,316.6,-7.82,0.71,3725,31,28.8,3,320000000,1779129319500000,1,96,319998626,319978791,319997110,1,21,2
2026-05-18 18:35:20,45.478223,9.227382,137.2,11,1.19,45.6,-0.143,-0.436,-1.26,-0.55,-0.98,0.94,316.8,-7.9,0.74,3732,34,28.6,3,320500000,1779129320000000,1,99,320497816,320494560,320497568,2,5,2
2026-05-18 18:35:20,45.478223,9.227382,137.2,12,1.19,47.4,-0.162,-0.43,-1.33,-0.99,-0.97,0.94,317.0,-8.05,0.73,3790,40,37.4,3,321000000,1779129320500000,1,94,320997677,320970275,320998927,2,29,1
2026-05-18 18:35:21,45.478223,9.227383,137.3,12,1.19,45.3,-0.175,-0.427,-1.43,-0.95,-0.96,0.94,317.2,-7.28,0.81,3827,35,31.4,3,321500000,1779129321000000,1,94,321498029,321472175,321496119,1,27,3
2026-05-18 18:35:21,45.478224,9.227383,137.3,12,1.19,46.8,-0.179,-0.419,-1.23,-0.42,-0.96,0.94,317.4,-7.14,0.78,3890,40,37.1,3,322000000,1779129321500000,1,98,321998639,321990081,321996632,1,9,3
2026-05-18 18:35:22,45.478224,9.227384,137.3,12,1.19,46.8,-0.176,-0.398,-1.89,-0.35,-0.95,0.94,317.6,-6.93,0.82,3828,41,35.1,3,322500000,1779129322000000,1,99,322498304,322477662,322493279,1,22,6
2026-05-18 18:35:22,45.478224,9.227384,137.3,12,1.19,46.4,-0.162,-0.381,-1.21,-0.86,-0.95,0.94,317.8,-7.23,0.78,3790,34,31.6,3,323000000,1779129322500000,1,96,322997823,322971056,322997037,2,28,2
2026-05-18 18:35:23,45.478224,9.227385,137.3,12,1.19,49.7,-0.16,-0.4,-1.58,-0.69,-0.94,0.94,318.0,-7.58,0.74,3888,42,39.3,3,323500000,1779129323000000,1,99,323499381,323486162,323498174,0,13,1
2026-05-18 18:35:23,45.478225,9.227385,137.4,12,1.19,48.3,-0.163,-0.393,-1.29,-0.51,-0.93,0.94,318.3,-7.57,0.7,3860,41,38.5,3,324000000,1779129323500000,1,96,323998488,323987660,323998323,1,12,1
2026-05-18 18:35:24,45.478225,9.227386,137.4,12,1.18,49.1,-0.191,-0.375,-0.99,-0.93,-0.93,0.95,318.5,-6.71,0.72,3788,40,34.7,3,324500000,1779129324000000,1,98,324498996,324472479,324498083,1,27,1
2026-05-18 18:35:24,45.478225,9.227386,137.4,12,1.18,47.7,-0.171,-0.355,-1.51,-0.56,-0.92,0.95,318.7,-6.83,0.78,3845,36,35.2,3,325000000,1779129324500000,1,95,324998131,324979596,324992949,1,20,7
2026-05-18 18:35:25,45.478226,9.227387,137.4,12,1.18,48.2,-0.176,-0.347,-1.04,-0.53,-0.91,0.95,318.9,-5.81,0.76,3946,36,34.9,3,325500000,1779129325000000,1,97,325498197,325489776,325497022,1,10,2
2026-05-18 18:35:25,45.478226,9.227387,137.4,12,1.18,51.6,-0.172,-0.345,-0.78,-0.79,-0.91,0.95,319.1,-6.71,0.81,4117,43,39.6,3,326000000,1779129325500000,1,96,325999456,325981927,325994497,0,18,5
2026-05-18 18:35:26,45.478226,9.227388,137.5,12,1.18,50.3,-0.167,-0.345,-1.04,-1.01,-0.9,0.95,319.3,-6.01,0.82,3962,40,38.5,3,326500000,1779129326000000,1,100,326498462,326489676,326496110,1,10,3
2026-05-18 18:35:26,45.478227,9.227389,137.5,12,1.18,50.7,-0.193,-0.348,-0.9,-0.82,-0.89,0.95,319.5,-6.72,0.82,3939,39,37.0,3,327000000,1779129326500000,1,92,326997289,326991371,326998084,2,8,1
2026-05-18 18:35:27,45.478227,9.227389,137.5,12,1.17,50.4,-0.177,-0.319,-0.82,-0.75,-0.89,0.95,319.7,-5.88,0.78,3892,38,32.1,3,327500000,1779129327000000,1,95,327497141,327484298,327498050,2,15,1
2026-05-18 18:35:27,45.478227,9.22739,137.5,13,1.17,52.1,-0.173,-0.319,-1.18,-0.53,-0.88,0.95,319.9,-6.21,0.72,4032,39,37.6,3,328000000,1779129327500000,1,92,327997926,327971937,327992499,2,28,7
2026-05-18 18:35:28,45.478228,9.22739,137.5,13,1.17,54.6,-0.157,-0.302,-1.19,-0.48,-0.87,0.95,320.1,-5.04,0.79,4157,40,37.3,3,328500000,1779129328000000,1,96,328497781,328479827,328492387,2,20,7
2026-05-18 18:35:28,45.478228,9.227391,137.6,13,1.17,55.5,-0.156,-0.32,-0.84,-0.82,-0.87,0.95,320.3,-6.0,0.83,4280,42,35.4,3,329000000,1779129328500000,1,97,328998362,328980323,328992087,1,19,7
2026-05-18 18:35:29,45.478228,9.227391,137.6,13,1.17,53.3,-0.151,-0.275,-0.97,-0.57,-0.86,0.95,320.5,-4.8,0.83,4257,38,32.9,3,329500000,1779129329000000,1,96,329499459,329477468,329493694,0,22,6
2026-05-18 18:35:29,45.478229,9.227392,137.6,13,1.16,55.3,-0.165,-0.268,-1.34,-0.79,-0.85,0.95,320.8,-5.25,0.79,4101,47,41.3,3,330000000,1779129329500000,1,95,329998721,329981998,329998660,1,18,1
2026-05-18 18:35:30,45.478229,9.227393,137.6,13,1.16,55.0,-0.145,-0.275,-1.23,-0.68,-0.85,0.95,321.0,-4.58,0.81,4254,39,32.8,3,330500000,1779129330000000,1,96,330498152,330484043,330498697,1,15,1
2026-05-18 18:35:30,45.478229,9.227393,137.6,13,1.16,54.8,-0.139,-0.257,-0.79,-0.27,-0.84,0.95,321.2,-4.28,0.72,4222,47,40.8,3,331000000,1779129330500000,1,96,330999203,330973284,330997423,0,26,2
2026-05-18 18:35:31,45.47823,9.227394,137.6,13,1.16,57.3,-0.133,-0.232,-0.53,-0.32,-0.83,0.95,321.4,-4.15,0.81,4391,48,43.7,3,331500000,1779129331000000,1,98,331498384,331488321,331494571,1,11,5
2026-05-18 18:35:31,45.47823,9.227394,137.7,13,1.15,55.3,-0.14,-0.247,-1.23,-0.31,-0.83,0.95,321.6,-4.61,0.76,4103,48,45.0,3,332000000,1779129331500000,1,99,331998200,331990482,331993365,1,9,6
2026-05-18 18:35:32,45.47823,9.227395,137.7,13,1.15,57.2,-0.143,-0.225,-0.5,-0.91,-0.82,0.95,321.8,-3.69,0.71,4459,47,40.7,3,332500000,1779129332000000,1,94,332498429,332483851,332493244,1,16,6
2026-05-18 18:35:32,45.478231,9.227396,137.7,13,1.15,57.3,-0.134,-0.221,-1.07,-0.41,-0.81,0.95,322.0,-3.4,0.79,4240,44,38.3,3,333000000,1779129332500000,1,95,332998857,332983239,332997291,1,16,2
2026-05-18 18:35:33,45.478231,9.227396,137.7,13,1.15,57.2,-0.108,-0.175,-1.1,-0.75,-0.8,0.95,322.2,-2.68,0.76,4272,47,44.5,3,333500000,1779129333000000,1,92,333497650,333493235,333495378,2,6,4
2026-05-18 18:35:33,45.478232,9.227397,137.7,13,1.14,58.7,-0.115,-0.169,-0.55,-0.72,-0.8,0.95,322.4,-2.77,0.78,4370,46,43.8,3,334000000,1779129333500000,1,93,333997801,333990911,333996833,2,9,3
2026-05-18 18:35:34,45.478232,9.227398,137.7,13,1.14,58.0,-0.104,-0.176,-0.93,-0.25,-0.79,0.95,322.6,-2.96,0.73,4243,46,39.2,3,334500000,1779129334000000,1,96,334498605,334477797,334495437,1,22,4
2026-05-18 18:35:34,45.478232,9.227398,137.7,13,1.14,58.5,-0.102,-0.144,-0.58,-0.52,-0.78,0.95,322.8,-2.4,0.75,4502,47,39.5,3,335000000,1779129334500000,1,96,334998917,334976409,334994080,1,23,5
2026-05-18 18:35:35,45.478233,9.227399,137.8,13,1.13,60.0,-0.086,-0.144,-0.35,-0.19,-0.77,0.95,323.0,-2.9,0.77,4506,51,44.3,3,335500000,1779129335000000,1,97,335497377,335482960,335494764,2,17,5
2026-05-18 18:35:35,45.478233,9.227399,137.8,14,1.13,59.3,-0.082,-0.103,-0.23,-0.23,-0.77,0.95,323.2,-1.28,0.75,4563,51,46.1,3,336000000,1779129335500000,1,98,335998491,335988628,335995243,1,11,4
2026-05-18 18:35:36,45.478233,9.2274,137.8,14,1.13,62.6,-0.065,-0.095,-0.19,-0.07,-0.76,0.94,323.5,-2.28,0.8,4542,49,45.7,3,336500000,1779129336000000,1,93,336498145,336476941,336492721,1,23,7
2026-05-18 18:35:36,45.478234,9.227401,137.8,14,1.12,63.1,-0.051,-0.104,-0.07,0.18,-0.75,0.94,323.7,-1.92,0.7,4537,49,46.7,3,337000000,1779129336500000,1,95,336997177,336978868,336993427,2,21,6
2026-05-18 18:35:37,45.478234,9.227401,137.8,14,1.12,60.3,-0.044,-0.074,0.18,0.05,-0.74,0.94,323.9,-1.07,0.82,4401,45,43.4,3,337500000,1779129337000000,1,98,337498526,337491836,337497529,1,8,2
2026-05-18 18:35:37,45.478235,9.227402,137.8,14,1.12,62.0,-0.045,-0.068,-0.55,-0.31,-0.73,0.94,324.1,-0.65,0.82,4522,49,47.0,3,338000000,1779129337500000,1,93,337997035,337971155,337995501,2,28,4
2026-05-18 18:35:38,45.478235,9.227403,137.8,14,1.11,63.3,-0.015,-0.03,0.2,0.2,-0.73,0.94,324.3,-0.19,0.75,4561,50,44.7,3,338500000,1779129338000000,1,92,338498414,338492174,338498414,1,7,1
2026-05-18 18:35:38,45.478235,9.227404,137.8,14,1.11,65.1,-0.026,-0.022,-0.32,-0.13,-0.72,0.94,324.5,-0.89,0.82,4849,49,42.5,4,339000000,1779129338500000,1,97,338997948,338974006,338995248,2,25,4
2026-05-18 18:35:39,45.478236,9.227404,137.8,14,1.11,63.5,-0.011,-0.028,-0.18,-0.32,-0.71,0.94,324.7,-0.83,0.78,4734,55,49.6,3,339500000,1779129339000000,1,100,339497294,339470574,339492006,2,29,7
2026-05-18 18:35:39,45.478236,9.227405,137.9,14,1.1,65.6,-0.01,0.026,0.22,0.16,-0.7,0.94,324.9,0.23,0.79,4738,48,43.7,4,340000000,1779129339500000,1,96,339997557,339994330,339995512,2,5,4
2026-05-18 18:35:40,45.478237,9.227406,137.9,14,1.1,64.5,0.004,0.024,0.24,-0.34,-0.69,0.94,325.1,0.65,0.8,4649,52,44.1,3,340500000,1779129340000000,1,96,340498776,340489020,340498816,1,10,1
2026-05-18 18:35:40,45.478237,9.227406,137.9,14,1.1,65.7,0.029,0.038,0.1,0.26,-0.69,0.93,325.4,1.23,0.78,4802,56,47.8,4,341000000,1779129340500000,1,98,340998697,340991203,340995852,1,8,4
2026-05-18 18:35:41,45.478237,9.227407,137.9,14,1.09,65.6,0.029,0.037,0.12,-0.22,-0.68,0.93,325.6,0.29,0.78,4789,56,53.3,4,341500000,1779129341000000,1,97,341497214,341493228,341498324,2,6,1
2026-05-18 18:35:41,45.478238,9.227408,137.9,14,1.09,67.9,0.055,0.052,0.36,0.26,-0.67,0.93,325.8,1.24,0.78,4821,50,42.1,4,342000000,1779129341500000,1,94,341998223,341989801,341994784,1,10,5
2026-05-18 18:35:42,45.478238,9.227409,137.9,14,1.08,67.3,0.066,0.092,0.51,0.38,-0.66,0.93,326.0,1.26,0.71,5009,50,45.6,4,342500000,1779129342000000,1,98,342497990,342477085,342495855,2,22,4
2026-05-18 18:35:42,45.478239,9.227409,137.9,14,1.08,67.4,0.072,0.098,0.7,0.68,-0.65,0.93,326.2,1.2,0.74,4854,53,48.2,4,343000000,1779129342500000,1,93,342999263,342994288,342998983,0,5,1
2026-05-18 18:35:43,45.478239,9.22741,137.9,14,1.08,67.9,0.075,0.104,0.05,-0.0,-0.64,0.93,326.4,1.71,0.81,4966,57,50.3,4,343500000,1779129343000000,1,96,343497401,343476023,343492669,2,23,7
2026-05-18 18:35:43,45.47824,9.227411,137.9,14,1.07,67.9,0.072,0.139,0.15,0.14,-0.64,0.92,326.7,1.93,0.83,4904,58,53.6,4,344000000,1779129343500000,1,98,343998587,343979563,343998498,1,20,1
2026-05-18 18:35:44,45.47824,9.227411,137.9,14,1.07,68.7,0.084,0.157,0.13,0.67,-0.63,0.92,326.9,3.38,0.71,5034,55,47.4,4,344500000,1779129344000000,1,94,344497386,344475696,344494598,2,24,5
2026-05-18 18:35:44,45.47824,9.227412,137.9,14,1.06,68.5,0.093,0.145,0.83,0.79,-0.62,0.92,327.1,2.13,0.75,5064,52,44.5,4,345000000,1779129344500000,1,95,344998469,344981685,344996379,1,18,3
2026-05-18 18:35:45,45.478241,9.227413,137.9,14,1.06,69.9,0.094,0.168,0.95,0.58,-0.61,0.92,327.3,2.85,0.73,5152,51,45.3,4,345500000,1779129345000000,1,92,345498950,345485485,345492466,1,14,7
2026-05-18 18:35:45,45.478241,9.227414,138.0,14,1.05,67.8,0.1,0.174,0.59,0.34,-0.6,0.92,327.5,2.66,0.77,4800,51,44.1,4,346000000,1779129345500000,1,95,345998524,345970769,345993821,1,29,6
2026-05-18 18:35:46,45.478242,9.227414,138.0,14,1.05,68.5,0.132,0.189,0.78,0.44,-0.59,0.91,327.8,3.71,0.77,4880,53,45.1,4,346500000,1779129346000000,1,97,346498054,346491106,346495220,1,8,4
2026-05-18 18:35:46,45.478242,9.227415,138.0,14,1.05,69.3,0.143,0.23,0.89,0.74,-0.58,0.91,328.0,3.57,0.79,5067,50,47.2,4,347000000,1779129346500000,1,99,346998962,346978812,346997233,1,21,2
2026-05-18 18:35:47,45.478243,9.227416,138.0,14,1.04,70.5,0.143,0.232,1.15,0.96,-0.58,0.91,328.2,3.86,0.74,5143,60,56.7,4,347500000,1779129347000000,1,99,347498412,347478094,347492476,1,21,7
2026-05-18 18:35:47,45.478243,9.227417,138.0,14,1.04,69.3,0.137,0.245,0.87,0.31,-0.57,0.91,328.4,4.07,0.77,4932,57,51.8,4,348000000,1779129347500000,1,93,347997150,347985517,347994223,2,14,5
2026-05-18 18:35:48,45.478244,9.227417,138.0,14,1.03,70.4,0.157,0.24,1.22,0.33,-0.56,0.91,328.6,4.21,0.74,5051,58,49.3,4,348500000,1779129348000000,1,95,348499373,348479236,348494512,0,20,5
2026-05-18 18:35:48,45.478244,9.227418,138.0,14,1.03,72.0,0.16,0.255,1.32,0.9,-0.55,0.9,328.9,4.0,0.72,5238,55,51.8,4,349000000,1779129348500000,1,97,348997150,348985875,348993786,2,14,6
2026-05-18 18:35:49,45.478244,9.227419,138.0,14,1.02,70.9,0.165,0.277,1.29,0.47,-0.54,0.9,329.1,4.39,0.75,4979,52,45.6,4,349500000,1779129349000000,1,93,349498563,349476124,349493847,1,23,6
2026-05-18 18:35:49,45.478245,9.22742,138.0,14,1.02,72.7,0.163,0.294,1.27,0.3,-0.53,0.9,329.3,4.7,0.72,5259,62,58.5,4,350000000,1779129349500000,1,97,349999456,349973787,349996354,0,26,3
2026-05-18 18:35:50,45.478245,9.227421,138.0,14,1.01,72.6,0.155,0.288,1.31,0.79,-0.52,0.9,329.6,5.19,0.79,5084,58,53.6,4,350500000,1779129350000000,1,97,350497125,350487156,350495609,2,12,4
2026-05-18 18:35:50,45.478246,9.227421,138.0,14,1.01,72.0,0.162,0.323,1.24,0.79,-0.51,0.89,329.8,6.13,0.72,5080,59,55.8,4,351000000,1779129350500000,1,92,350998862,350991313,350992171,1,8,7
2026-05-18 18:35:51,45.478246,9.227422,138.0,14,1.0,72.6,0.183,0.334,0.7,1.02,-0.5,0.89,330.0,5.6,0.73,5332,56,48.4,4,351500000,1779129351000000,1,92,351499201,351478601,351498468,0,21,1
2026-05-18 18:35:51,45.478247,9.227423,138.0,14,1.0,72.3,0.182,0.328,0.97,0.71,-0.49,0.89,330.3,6.06,0.77,5238,60,56.2,4,352000000,1779129351500000,1,92,351999317,351984759,351998593,0,15,1
2026-05-18 18:35:52,45.478247,9.227424,138.0,14,0.99,72.8,0.177,0.331,0.73,0.88,-0.49,0.88,330.5,5.37,0.77,5148,56,53.3,4,352500000,1779129352000000,1,96,352497849,352479381,352494250,2,20,5
2026-05-18 18:35:52,45.478248,9.227424,138.0,14,0.99,71.9,0.178,0.359,0.91,0.98,-0.48,0.88,330.7,5.99,0.72,5300,52,46.6,4,353000000,1779129352500000,1,92,352998621,352991133,352998986,1,8,1
2026-05-18 18:35:53,45.478248,9.227425,138.0,14,0.98,74.2,0.192,0.341,1.55,1.19,-0.47,0.88,331.0,5.73,0.77,5180,57,49.9,4,353500000,1779129353000000,1,99,353497272,353491632,353492256,2,8,7
2026-05-18 18:35:53,45.478249,9.227426,138.0,14,0.98,70.6,0.186,0.362,1.21,0.48,-0.46,0.88,331.2,7.05,0.8,5185,56,52.6,4,354000000,1779129353500000,1,95,353997960,353984040,353992470,2,15,7
2026-05-18 18:35:54,45.478249,9.227427,138.0,14,0.97,74.2,0.168,0.361,0.94,0.58,-0.45,0.87,331.4,5.99,0.73,5249,64,56.9,4,354500000,1779129354000000,1,93,354497831,354484824,354492549,2,15,7
2026-05-18 18:35:54,45.478249,9.227428,138.0,14,0.97,70.9,0.166,0.366,1.37,1.08,-0.44,0.87,331.7,6.52,0.71,5047,56,53.0,4,355000000,1779129354500000,1,95,354998026,354986976,354994793,1,13,5
2026-05-18 18:35:55,45.47825,9.227428,138.0,14,0.96,71.1,0.187,0.4,1.24,0.87,-0.43,0.87,331.9,6.64,0.76,5086,59,50.4,4,355500000,1779129355000000,1,98,355497077,355478315,355498227,2,21,1
2026-05-18 18:35:55,45.47825,9.227429,138.0,14,0.96,73.2,0.18,0.411,1.71,0.68,-0.42,0.86,332.2,7.82,0.82,5092,58,52.2,4,356000000,1779129355500000,1,99,355997910,355992218,355996630,2,7,3
2026-05-18 18:35:56,45.478251,9.22743,138.0,14,0.95,71.5,0.179,0.409,1.49,0.64,-0.41,0.86,332.4,7.73,0.75,5234,52,46.7,4,356500000,1779129356000000,1,95,356497133,356485300,356493421,2,14,6
2026-05-18 18:35:56,45.478251,9.227431,138.0,14,0.95,73.9,0.182,0.414,1.92,0.79,-0.4,0.86,332.7,7.54,0.8,5165,58,54.2,4,357000000,1779129356500000,1,94,356999459,356988925,356992083,0,11,7
2026-05-18 18:35:57,45.478252,9.227432,138.0,14,0.94,73.6,0.156,0.404,0.94,0.84,-0.39,0.85,332.9,7.64,0.77,5252,54,50.2,4,357500000,1779129357000000,1,98,357499025,357472367,357493755,0,27,6
2026-05-18 18:35:57,45.478252,9.227432,138.0,14,0.93,73.2,0.155,0.416,1.27,0.47,-0.38,0.85,333.1,7.46,0.8,5091,60,51.3,4,358000000,1779129357500000,1,100,357998066,357991371,357993023,1,8,6
2026-05-18 18:35:58,45.478253,9.227433,138.0,14,0.93,73.4,0.172,0.412,1.06,0.6,-0.37,0.85,333.4,7.8,0.81,5250,54,50.9,4,358500000,1779129358000000,1,96,358497980,358491346,358495180,2,8,4
2026-05-18 18:35:58,45.478253,9.227434,138.0,14,0.92,73.3,0.139,0.407,1.68,0.21,-0.36,0.84,333.7,7.02,0.82,5091,58,55.0,4,359000000,1779129358500000,1,94,358998287,358989925,358998128,1,10,1
2026-05-18 18:35:59,45.478254,9.227435,138.0,14,0.92,73.5,0.152,0.417,1.57,0.72,-0.35,0.84,333.9,7.13,0.77,5331,55,48.2,4,359500000,1779129359000000,1,97,359497923,359476576,359492612,2,23,7
2026-05-18 18:35:59,45.478254,9.227435,138.0,14,0.91,74.6,0.143,0.402,1.51,0.2,-0.34,0.84,334.2,7.18,0.8,5273,64,56.1,4,360000000,1779129359500000,1,93,359998647,359974520,359995940,1,25,4
2026-05-18 18:36:00,45.478254,9.227436,138.0,14,0.91,74.5,0.132,0.412,1.2,0.16,-0.34,0.83,334.4,7.49,0.72,5212,57,53.8,4,360500000,1779129360000000,1,96,360498927,360479225,360495853,1,20,4
2026-05-18 18:36:00,45.478255,9.227437,138.0,14,0.9,74.7,0.122,0.404,1.61,0.17,-0.33,0.83,334.7,7.04,0.76,5397,62,58.3,4,361000000,1779129360500000,1,99,360998618,360971956,360997027,1,28,2
2026-05-18 18:36:01,45.478255,9.227438,138.0,14,0.89,74.5,0.114,0.423,1.08,0.34,-0.32,0.83,334.9,7.06,0.76,5222,56,49.5,4,361500000,1779129361000000,1,93,361497798,361487647,361495755,2,12,4
2026-05-18 18:36:01,45.478256,9.227439,138.0,14,0.89,70.9,0.124,0.415,1.3,0.53,-0.31,0.82,335.2,7.4,0.76,5086,61,53.3,4,362000000,1779129361500000,1,99,361998564,361972189,361998738,1,27,1
2026-05-18 18:36:02,45.478256,9.227439,137.9,14,0.88,72.5,0.114,0.416,1.52,0.78,-0.3,0.82,335.5,8.03,0.8,5206,55,52.1,4,362500000,1779129362000000,1,94,362499261,362480037,362492657,0,19,7
2026-05-18 18:36:02,45.478257,9.22744,137.9,14,0.88,73.5,0.091,0.435,1.53,0.29,-0.29,0.82,335.7,8.17,0.77,5363,63,58.1,4,363000000,1779129362500000,1,95,362997918,362990751,362997658,2,9,2
2026-05-18 18:36:03,45.478257,9.227441,137.9,14,0.87,73.9,0.082,0.428,1.25,0.43,-0.28,0.81,336.0,8.18,0.73,5244,57,50.7,4,363500000,1779129363000000,1,92,363498093,363488894,363492267,1,11,7
2026-05-18 18:36:03,45.478258,9.227442,137.9,14,0.87,70.7,0.086,0.427,1.03,0.56,-0.27,0.81,336.3,7.95,0.81,5051,61,52.7,4,364000000,1779129363500000,1,100,363999225,363974744,363998280,0,25,1
2026-05-18 18:36:04,45.478258,9.227443,137.9,14,0.86,72.8,0.084,0.392,1.35,0.07,-0.26,0.8,336.5,6.83,0.75,5147,58,49.8,4,364500000,1779129364000000,1,98,364499122,364475663,364493445,0,24,6
2026-05-18 18:36:04,45.478259,9.227443,137.9,14,0.85,72.8,0.049,0.384,1.39,0.36,-0.25,0.8,336.8,6.97,0.82,5339,59,51.2,4,365000000,1779129364500000,1,95,364998891,364989483,364992090,1,10,7
2026-05-18 18:36:05,45.478259,9.227444,137.9,14,0.85,72.8,0.065,0.379,1.31,0.32,-0.24,0.8,337.1,6.41,0.75,5202,56,48.5,4,365500000,1779129365000000,1,99,365498052,365480861,365497167,1,19,2
2026-05-18 18:36:05,45.47826,9.227445,137.9,14,0.84,69.6,0.027,0.402,1.32,0.06,-0.23,0.79,337.3,7.46,0.8,4916,55,52.0,4,366000000,1779129365500000,1,95,365997137,365970243,365995873,2,29,4
2026-05-18 18:36:06,45.47826,9.227446,137.9,14,0.84,70.9,0.024,0.388,1.35,0.48,-0.22,0.79,337.6,7.13,0.78,5091,61,56.2,4,366500000,1779129366000000,1,100,366497560,366490162,366493315,2,9,6
2026-05-18 18:36:06,45.47826,9.227446,137.9,14,0.83,70.4,0.029,0.39,1.2,0.1,-0.21,0.79,337.9,6.42,0.77,5180,55,48.3,4,367000000,1779129366500000,1,99,366998833,366989671,366997605,1,10,2
2026-05-18 18:36:07,45.478261,9.227447,137.9,14,0.82,69.3,0.0,0.375,0.84,0.38,-0.2,0.78,338.2,6.23,0.74,5024,60,54.4,4,367500000,1779129367000000,1,95,367498904,367481424,367496102,1,18,3
2026-05-18 18:36:07,45.478261,9.227448,137.9,14,0.82,68.4,-0.005,0.349,0.88,-0.02,-0.19,0.78,338.5,6.5,0.75,5016,55,52.2,4,368000000,1779129367500000,1,100,367997769,367984621,367998302,2,15,1
2026-05-18 18:36:08,45.478262,9.227449,137.8,14,0.81,68.8,0.001,0.339,1.12,0.1,-0.18,0.77,338.7,6.25,0.75,4974,52,47.9,4,368500000,1779129368000000,1,99,368497818,368481383,368498719,2,18,1
2026-05-18 18:36:08,45.478262,9.227449,137.8,14,0.81,71.3,-0.031,0.329,0.94,0.26,-0.17,0.77,339.0,6.5,0.72,5263,55,48.1,4,369000000,1779129368500000,1,96,368997579,368974958,368994613,2,25,5
2026-05-18 18:36:09,45.478263,9.22745,137.8,14,0.8,68.3,-0.028,0.358,0.98,0.15,-0.16,0.77,339.3,6.16,0.77,5033,58,50.8,4,369500000,1779129369000000,1,93,369498243,369486488,369497985,1,13,2
2026-05-18 18:36:09,45.478263,9.227451,137.8,14,0.79,67.7,-0.038,0.331,0.7,-0.41,-0.15,0.76,339.6,6.12,0.78,5031,53,45.4,4,370000000,1779129369500000,1,95,369998475,369982911,369996369,1,17,3
2026-05-18 18:36:10,45.478263,9.227452,137.8,14,0.79,70.2,-0.042,0.321,0.8,0.09,-0.14,0.76,339.9,5.42,0.82,5014,56,48.6,4,370500000,1779129370000000,1,99,370499116,370477574,370495686,0,22,4
2026-05-18 18:36:10,45.478264,9.227452,137.8,14,0.78,69.5,-0.059,0.316,1.1,-0.28,-0.13,0.75,340.2,5.44,0.83,5145,60,54.0,4,371000000,1779129370500000,1,96,370997586,370985303,370995828,2,14,4
2026-05-18 18:36:11,45.478264,9.227453,137.8,14,0.77,68.3,-0.072,0.296,0.88,-0.21,-0.12,0.75,340.5,5.79,0.8,4914,55,49.7,4,371500000,1779129371000000,1,98,371498199,371491778,371493431,1,8,6
2026-05-18 18:36:11,45.478265,9.227454,137.8,13,0.77,68.1,-0.081,0.293,0.81,-0.08,-0.11,0.75,340.8,5.61,0.8,4935,55,52.0,4,372000000,1779129371500000,1,95,371998524,371992997,371997917,1,7,2
2026-05-18 18:36:12,45.478265,9.227455,137.7,13,0.76,68.7,-0.075,0.287,1.11,-0.07,-0.1,0.74,341.1,5.5,0.75,4919,50,44.9,4,372500000,1779129372000000,1,100,372497349,372488206,372497671,2,11,2
2026-05-18 18:36:12,45.478266,9.227455,137.7,13,0.76,66.0,-0.107,0.247,0.93,-0.37,-0.09,0.74,341.4,4.89,0.8,4755,49,44.2,4,373000000,1779129372500000,1,100,372997025,372971908,372996043,2,28,3
2026-05-18 18:36:13,45.478266,9.227456,137.7,13,0.75,65.6,-0.103,0.262,0.51,-0.08,-0.08,0.73,341.7,4.48,0.75,4783,49,44.4,4,373500000,1779129373000000,1,98,373498634,373494666,373493215,1,5,6
2026-05-18 18:36:13,45.478266,9.227457,137.7,13,0.74,65.7,-0.097,0.252,0.86,-0.27,-0.07,0.73,342.0,4.63,0.8,4680,56,51.6,4,374000000,1779129373500000,1,99,373999211,373976171,373993193,0,23,6
2026-05-18 18:36:14,45.478267,9.227457,137.7,13,0.74,65.0,-0.109,0.217,1.07,-0.6,-0.06,0.72,342.3,4.28,0.79,4638,51,46.8,3,374500000,1779129374000000,1,92,374498997,374485034,374496722,1,14,3
2026-05-18 18:36:14,45.478267,9.227458,137.7,13,0.73,63.5,-0.126,0.206,0.49,-0.14,-0.05,0.72,342.6,3.61,0.74,4801,52,47.7,3,375000000,1779129374500000,1,93,374999381,374975406,374996755,0,24,3
2026-05-18 18:36:15,45.478268,9.227459,137.7,13,0.72,63.1,-0.13,0.208,1.16,-0.53,-0.04,0.72,342.9,3.72,0.73,4745,52,45.1,3,375500000,1779129375000000,1,97,375497868,375473255,375492427,2,26,7
2026-05-18 18:36:15,45.478268,9.22746,137.6,13,0.72,62.6,-0.129,0.188,0.56,-0.64,-0.03,0.71,343.2,3.38,0.71,4753,54,46.4,3,376000000,1779129375500000,1,93,375998246,375993409,375994382,1,6,5
2026-05-18 18:36:16,45.478268,9.22746,137.6,13,0.71,65.5,-0.157,0.184,0.39,-0.51,-0.02,0.71,343.5,2.82,0.83,4774,49,41.5,4,376500000,1779129376000000,1,100,376498682,376489169,376495587,1,10,4
2026-05-18 18:36:16,45.478269,9.227461,137.6,13,0.71,63.6,-0.147,0.144,0.36,-0.68,-0.01,0.7,343.8,2.84,0.79,4760,47,39.9,3,377000000,1779129376500000,1,99,376998661,376976472,376992619,1,23,7
2026-05-18 18:36:17,45.478269,9.227462,137.6,13,0.7,60.9,-0.165,0.159,0.09,-1.06,0.0,0.7,344.2,2.6,0.77,4676,53,45.9,3,377500000,1779129377000000,1,99,377498395,377490244,377497323,1,9,2
2026-05-18 18:36:17,45.47827,9.227462,137.6,13,0.71,62.7,-0.164,0.128,0.71,-0.48,0.01,0.7,344.5,2.4,0.71,4644,50,44.2,3,378000000,1779129377500000,1,97,377997795,377992044,377993954,2,7,6
2026-05-18 18:36:18,45.47827,9.227463,137.6,13,0.71,62.2,-0.159,0.099,0.1,-0.29,0.02,0.71,344.8,2.38,0.75,4729,45,39.3,3,378500000,1779129378000000,1,99,378497368,378491856,378493406,2,8,6
2026-05-18 18:36:18,45.47827,9.227464,137.5,13,0.72,60.8,-0.156,0.089,0.18,-0.75,0.03,0.71,345.1,1.24,0.82,4645,48,40.4,3,379000000,1779129378500000,1,96,378997303,378992070,378998652,2,7,1
2026-05-18 18:36:19,45.478271,9.227464,137.5,13,0.73,60.1,-0.185,0.073,0.29,-0.99,0.04,0.72,345.4,1.81,0.78,4445,52,45.9,3,379500000,1779129379000000,1,92,379498145,379470544,379494199,1,29,5
2026-05-18 18:36:19,45.478271,9.227465,137.5,13,0.73,59.7,-0.18,0.076,0.3,-0.96,0.05,0.72,345.8,1.84,0.78,4542,47,43.3,3,380000000,1779129379500000,1,97,379998821,379990726,379994321,1,9,5
2026-05-18 18:36:20,45.478272,9.227466,137.5,12,0.74,60.7,-0.17,0.057,0.57,-0.75,0.06,0.73,346.1,0.85,0.79,4672,47,44.1,3,380500000,1779129380000000,1,95,380498524,380488907,380498149,1,11,1
2026-05-18 18:36:20,45.478272,9.227466,137.5,12,0.74,60.0,-0.17,0.03,0.16,-0.4,0.07,0.73,346.4,0.94,0.72,4574,49,47.0,3,381000000,1779129380500000,1,95,380998273,380978261,380996023,1,21,3
2026-05-18 18:36:21,45.478272,9.227467,137.5,12,0.75,59.5,-0.185,0.018,0.41,-0.46,0.08,0.73,346.8,0.19,0.74,4529,46,41.7,3,381500000,1779129381000000,1,99,381497475,381473250,381492962,2,26,7
2026-05-18 18:36:21,45.478273,9.227467,137.4,12,0.76,60.2,-0.182,-0.007,-0.16,-0.5,0.09,0.74,347.1,-0.08,0.75,4479,46,43.1,3,382000000,1779129381500000,1,97,381997934,381979233,381996091,2,20,3
2026-05-18 18:36:22,45.478273,9.227468,137.4,12,0.76,57.6,-0.187,-0.022,0.18,-0.55,0.1,0.74,347.4,-0.24,0.79,4239,42,37.1,3,382500000,1779129382000000,1,94,382498057,382471762,382497596,1,28,2
2026-05-18 18:36:22,45.478273,9.227469,137.4,12,0.77,55.9,-0.172,-0.018,-0.45,-0.96,0.11,0.75,347.8,-0.0,0.72,4386,48,41.3,3,383000000,1779129382500000,1,92,382999363,382994268,382998863,0,5,1
2026-05-18 18:36:23,45.478274,9.227469,137.4,12,0.77,55.9,-0.173,-0.051,-0.01,-0.48,0.12,0.75,348.1,-0.35,0.77,4196,45,39.0,3,383500000,1779129383000000,1,96,383497220,383477798,383494237,2,22,5
2026-05-18 18:36:23,45.478274,9.22747,137.4,12,0.78,56.2,-0.183,-0.053,-0.57,-0.87,0.13,0.75,348.5,-1.09,0.81,4309,43,39.6,3,384000000,1779129383500000,1,92,383998163,383971759,383996320,1,28,3
2026-05-18 18:36:24,45.478274,9.227471,137.3,12,0.79,56.7,-0.165,-0.072,0.11,-0.63,0.14,0.76,348.8,-0.9,0.8,4415,41,36.9,3,384500000,1779129384000000,1,100,384497925,384490101,384492579,2,9,7
2026-05-18 18:36:24,45.478275,9.227471,137.3,12,0.79,53.8,-0.159,-0.076,0.01,-0.55,0.15,0.76,349.2,-1.64,0.83,4056,42,40.5,3,385000000,1779129384500000,1,95,384998759,384978163,384995395,1,21,4
2026-05-18 18:36:25,45.478275,9.227472,137.3,12,0.8,55.2,-0.178,-0.112,-0.89,-1.02,0.16,0.77,349.5,-1.92,0.82,4273,40,33.9,3,385500000,1779129385000000,1,100,385498628,385492014,385496305,1,7,3
2026-05-18 18:36:25,45.478275,9.227472,137.3,12,0.81,54.9,-0.175,-0.102,-0.86,-0.99,0.17,0.77,349.9,-1.39,0.76,4110,47,41.3,3,386000000,1779129385500000,1,99,385998434,385970035,385997110,1,29,2
2026-05-18 18:36:26,45.478276,9.227473,137.2,12,0.81,53.5,-0.156,-0.138,-0.88,-0.69,0.18,0.77,350.2,-1.99,0.74,4272,42,40.3,3,386500000,1779129386000000,1,96,386497220,386470694,386492746,2,29,7
2026-05-18 18:36:26,45.478276,9.227473,137.2,11,0.82,53.9,-0.141,-0.131,-0.32,-0.57,0.19,0.78,350.6,-2.54,0.82,4250,40,34.9,3,387000000,1779129386500000,1,100,386998554,386974411,386997638,1,25,2
2026-05-18 18:36:27,45.478276,9.227474,137.2,11,0.82,52.3,-0.148,-0.155,-0.14,-0.25,0.2,0.78,350.9,-2.39,0.8,4019,46,43.6,3,387500000,1779129387000000,1,94,387497522,387470806,387495744,2,29,4
2026-05-18 18:36:27,45.478277,9.227475,137.2,11,0.83,53.2,-0.141,-0.162,-0.62,-0.92,0.21,0.79,351.3,-2.77,0.73,4239,44,40.1,3,388000000,1779129387500000,1,99,387999313,387992040,387993759,0,7,6
2026-05-18 18:36:28,45.478277,9.227475,137.2,11,0.84,52.6,-0.128,-0.192,-0.45,-0.36,0.22,0.79,351.6,-3.21,0.72,4115,46,41.0,3,388500000,1779129388000000,1,98,388499346,388484975,388497833,0,15,2
2026-05-18 18:36:28,45.478277,9.227476,137.1,11,0.84,52.7,-0.14,-0.202,-0.8,-0.6,0.23,0.79,352.0,-4.22,0.82,3963,42,38.3,3,389000000,1779129388500000,1,92,388999142,388986219,388998304,0,13,1
2026-05-18 18:36:29,45.478278,9.227476,137.1,11,0.85,52.7,-0.133,-0.201,-0.65,-0.77,0.24,0.8,352.4,-3.5,0.8,4065,42,35.3,3,389500000,1779129389000000,1,94,389497703,389485961,389492478,2,14,7
2026-05-18 18:36:29,45.478278,9.227477,137.1,11,0.85,50.9,-0.111,-0.24,-1.27,-0.68,0.25,0.8,352.7,-4.54,0.8,4058,40,33.9,3,390000000,1779129389500000,1,100,389997880,389974227,389994366,2,25,5
2026-05-18 18:36:30,45.478278,9.227477,137.1,11,0.86,51.7,-0.107,-0.229,-0.34,-0.38,0.26,0.81,353.1,-4.69,0.77,3906,44,39.0,3,390500000,1779129390000000,1,97,390498887,390477539,390495236,1,22,4
2026-05-18 18:36:30,45.478279,9.227478,137.0,11,0.87,48.5,-0.106,-0.257,-0.53,-0.44,0.27,0.81,353.5,-4.78,0.76,3924,35,30.0,3,391000000,1779129390500000,1,96,390999210,390972253,390995562,0,27,4
2026-05-18 18:36:31,45.478279,9.227478,137.0,11,0.87,47.2,-0.095,-0.247,-1.18,-0.6,0.28,0.81,353.9,-4.57,0.83,3905,42,35.1,3,391500000,1779129391000000,1,97,391497123,391475259,391492376,2,24,7
2026-05-18 18:36:31,45.478279,9.227479,137.0,11,0.88,48.4,-0.082,-0.28,-1.28,-0.19,0.29,0.82,354.2,-5.28,0.72,3772,36,30.9,3,392000000,1779129391500000,1,96,391998048,391974586,391998424,1,25,1
2026-05-18 18:36:32,45.47828,9.227479,137.0,11,0.88,48.7,-0.068,-0.309,-1.28,0.04,0.3,0.82,354.6,-5.39,0.79,3728,39,36.5,3,392500000,1779129392000000,1,96,392498777,392470133,392494460,1,29,5
2026-05-18 18:36:32,45.47828,9.22748,136.9,11,0.89,47.0,-0.053,-0.306,-1.52,-0.6,0.31,0.82,355.0,-5.46,0.77,3663,40,34.0,3,393000000,1779129392500000,1,100,392999308,392991940,392992422,0,8,7
2026-05-18 18:36:33,45.47828,9.22748,136.9,11,0.89,46.5,-0.059,-0.309,-0.73,-0.47,0.32,0.83,355.4,-5.29,0.75,3669,33,32.0,3,393500000,1779129393000000,1,99,393499294,393493564,393497619,0,6,2
2026-05-18 18:36:33,45.478281,9.227481,136.9,11,0.9,47.9,-0.042,-0.336,-1.07,0.13,0.33,0.83,355.8,-6.08,0.82,3843,39,35.1,3,394000000,1779129393500000,1,93,393997882,393980755,393995729,2,19,4
2026-05-18 18:36:34,45.478281,9.227481,136.9,11,0.91,45.9,-0.05,-0.313,-0.67,0.12,0.34,0.83,356.1,-5.89,0.8,3833,32,26.2,3,394500000,1779129394000000,1,95,394498845,394478334,394496642,1,21,3
2026-05-18 18:36:34,45.478281,9.227482,136.8,11,0.91,45.0,-0.038,-0.348,-0.84,-0.52,0.35,0.84,356.5,-5.71,0.78,3545,31,27.3,3,395000000,1779129394500000,1,94,394999500,394987526,394997820,0,12,2
2026-05-18 18:36:35,45.478281,9.227482,136.8,11,0.92,45.8,-0.022,-0.331,-1.54,-0.33,0.35,0.84,356.9,-5.48,0.76,3702,33,29.0,3,395500000,1779129395000000,1,96,395499467,395490771,395497207,0,9,2
2026-05-18 18:36:35,45.478282,9.227483,136.8,11,0.92,46.5,-0.004,-0.343,-1.26,-0.08,0.36,0.84,357.3,-5.69,0.7,3881,38,36.5,3,396000000,1779129395500000,1,96,395997305,395989982,395996493,2,10,3
2026-05-18 18:36:36,45.478282,9.227483,136.8,11,0.93,44.2,0.006,-0.366,-1.68,0.05,0.37,0.85,357.7,-6.11,0.81,3679,37,31.8,3,396500000,1779129396000000,1,94,396497583,396475535,396492473,2,24,7
2026-05-18 18:36:36,45.478282,9.227484,136.7,11,0.93,44.6,0.002,-0.39,-1.08,-0.29,0.38,0.85,358.1,-6.68,0.71,3735,33,28.2,3,397000000,1779129396500000,1,99,396998206,396987408,396997555,1,12,2
2026-05-18 18:36:37,45.478283,9.227484,136.7,11,0.94,45.3,0.031,-0.376,-1.58,-0.16,0.39,0.85,358.5,-6.98,0.75,3646,39,32.7,3,397500000,1779129397000000,1,95,397499053,397474917,397497245,0,25,2
2026-05-18 18:36:37,45.478283,9.227485,136.7,11,0.95,44.3,0.048,-0.401,-1.38,0.54,0.4,0.86,358.9,-6.69,0.8,3541,34,31.6,3,398000000,1779129397500000,1,93,397999266,397986745,397994281,0,13,5
2026-05-18 18:36:38,45.478283,9.227485,136.6,11,0.95,44.4,0.049,-0.401,-1.15,0.03,0.41,0.86,359.3,-6.7,0.77,3703,33,29.5,3,398500000,1779129398000000,1,97,398498005,398471881,398496685,1,28,3
2026-05-18 18:36:38,45.478283,9.227486,136.6,11,0.96,41.6,0.066,-0.395,-1.39,0.04,0.42,0.86,359.7,-7.27,0.78,3578,32,27.3,3,399000000,1779129398500000,1,98,398998617,398972318,398995693,1,27,4
2026-05-18 18:36:39,45.478284,9.227486,136.6,11,0.96,40.3,0.072,-0.392,-1.3,-0.03,0.43,0.87,0.1,-6.8,0.81,3309,29,23.3,3,399500000,1779129399000000,1,98,399498221,399485175,399495724,1,14,4
2026-05-18 18:36:39,45.478284,9.227487,136.6,12,0.97,43.1,0.063,-0.395,-1.42,-0.03,0.44,0.87,0.5,-7.01,0.76,3478,33,27.9,3,400000000,1779129399500000,1,100,399998588,399993939,399995381,1,6,4
2026-05-18 18:36:40,45.478284,9.227487,136.5,12,0.97,41.9,0.094,-0.406,-1.44,0.44,0.45,0.87,0.9,-7.61,0.76,3625,33,30.8,3,400500000,1779129400000000,1,99,400498209,400476036,400498120,1,23,1
2026-05-18 18:36:40,45.478284,9.227488,136.5,12,0.98,41.5,0.077,-0.397,-1.01,0.45,0.46,0.88,1.3,-6.64,0.81,3443,31,30.6,3,401000000,1779129400500000,1,94,400997341,400974455,400994702,2,25,5
2026-05-18 18:36:41,45.478285,9.227488,136.5,12,0.98,41.3,0.091,-0.412,-1.24,0.57,0.47,0.88,1.7,-6.85,0.71,3465,36,33.8,3,401500000,1779129401000000,1,97,401497112,401492326,401496088,2,7,3
2026-05-18 18:36:41,45.478285,9.227488,136.4,12,0.99,38.5,0.116,-0.398,-1.74,0.69,0.48,0.88,2.2,-7.01,0.81,3352,34,29.5,2,402000000,1779129401500000,1,97,401997855,401979187,401998233,2,20,1
2026-05-18 18:36:42,45.478285,9.227489,136.4,12,0.99,39.9,0.115,-0.432,-1.57,0.4,0.49,0.89,2.6,-7.84,0.77,3265,27,26.9,2,402500000,1779129402000000,1,96,402498048,402487596,402496785,1,12,3
2026-05-18 18:36:42,45.478285,9.227489,136.4,12,1.0,38.8,0.108,-0.407,-1.07,0.4,0.49,0.89,3.0,-7.33,0.81,3335,35,30.2,2,403000000,1779129402500000,1,100,402998934,402993982,402995564,1,6,4
2026-05-18 18:36:43,45.478286,9.22749,136.4,12,1.0,40.6,0.14,-0.4,-1.23,0.63,0.5,0.89,3.4,-6.6,0.75,3540,28,23.6,3,403500000,1779129403000000,1,98,403498850,403494584,403492153,1,5,7
2026-05-18 18:36:43,45.478286,9.22749,136.3,12,1.01,40.7,0.121,-0.411,-1.09,0.63,0.51,0.89,3.8,-7.25,0.76,3526,30,29.5,3,404000000,1779129403500000,1,97,403998923,403985872,403997236,1,14,2
2026-05-18 18:36:44,45.478286,9.227491,136.3,12,1.01,39.0,0.135,-0.425,-1.94,0.69,0.52,0.9,4.3,-7.37,0.73,3366,26,21.7,2,404500000,1779129404000000,1,98,404497607,404476299,404497372,2,23,2
2026-05-18 18:36:44,45.478286,9.227491,136.3,12,1.02,39.3,0.144,-0.425,-1.58,0.77,0.53,0.9,4.7,-7.05,0.82,3219,35,33.4,2,405000000,1779129404500000,1,99,404997048,404991548,404993509,2,8,6
2026-05-18 18:36:45,45.478287,9.227491,136.2,12,1.02,36.6,0.142,-0.425,-1.31,0.83,0.54,0.9,5.1,-7.24,0.81,3280,32,26.9,2,405500000,1779129405000000,1,94,405499227,405478778,405496477,0,21,3
2026-05-18 18:36:45,45.478287,9.227492,136.2,12,1.03,39.7,0.144,-0.413,-1.56,0.72,0.55,0.9,5.5,-7.07,0.82,3367,27,24.4,2,406000000,1779129405500000,1,97,405998991,405973802,405996299,1,26,3
2026-05-18 18:36:46,45.478287,9.227492,136.2,13,1.03,36.6,0.152,-0.427,-1.23,0.37,0.56,0.91,6.0,-7.54,0.78,3066,31,28.3,2,406500000,1779129406000000,1,98,406498302,406477097,406495150,1,22,4
2026-05-18 18:36:46,45.478287,9.227493,136.1,13,1.04,39.2,0.166,-0.411,-1.24,0.99,0.57,0.91,6.4,-7.67,0.76,3289,28,28.1,2,407000000,1779129406500000,1,100,406997262,406989770,406992082,2,10,7
2026-05-18 18:36:47,45.478288,9.227493,136.1,13,1.04,38.2,0.161,-0.398,-1.5,0.99,0.58,0.91,6.8,-6.74,0.78,3336,27,22.3,2,407500000,1779129407000000,1,97,407497471,407487168,407492277,2,12,7
2026-05-18 18:36:47,45.478288,9.227494,136.1,13,1.05,38.1,0.163,-0.401,-1.33,0.79,0.58,0.91,7.3,-7.65,0.81,3159,27,25.5,2,408000000,1779129407500000,1,99,407997734,407982612,407997425,2,17,2
2026-05-18 18:36:48,45.478288,9.227494,136.1,13,1.05,36.2,0.181,-0.373,-1.04,0.59,0.59,0.91,7.7,-6.53,0.76,3260,30,28.0,2,408500000,1779129408000000,1,100,408497394,408490782,408498358,2,9,1
2026-05-18 18:36:48,45.478288,9.227494,136.0,13,1.05,36.5,0.182,-0.365,-1.55,1.11,0.6,0.92,8.1,-6.3,0.79,3207,26,25.6,2,409000000,1779129408500000,1,97,408999109,408980216,408992944,0,19,7
2026-05-18 18:36:49,45.478289,9.227495,136.0,13,1.06,36.4,0.168,-0.387,-1.82,0.75,0.61,0.92,8.6,-7.26,0.74,3259,26,26.1,2,409500000,1779129409000000,1,94,409499057,409480667,409493349,0,19,6
2026-05-18 18:36:49,45.478289,9.227495,136.0,13,1.06,36.1,0.176,-0.353,-0.76,0.43,0.62,0.92,9.0,-5.96,0.73,3218,30,26.5,2,410000000,1779129409500000,1,96,409997533,409994757,409993651,2,5,6
2026-05-18 18:36:50,45.478289,9.227495,135.9,13,1.07,36.6,0.192,-0.357,-0.84,1.17,0.63,0.92,9.5,-6.21,0.72,3282,25,21.7,2,410500000,1779129410000000,1,92,410497313,410486884,410494823,2,13,5
2026-05-18 18:36:50,45.478289,9.227496,135.9,13,1.07,37.4,0.18,-0.349,-1.13,0.85,0.64,0.92,9.9,-6.82,0.76,3260,33,29.3,2,411000000,1779129410500000,1,99,410999360,410989737,410992052,0,10,7
2026-05-18 18:36:51,45.47829,9.227496,135.9,13,1.08,38.3,0.174,-0.331,-0.82,0.68,0.64,0.93,10.4,-5.77,0.77,3233,33,32.2,2,411500000,1779129411000000,1,97,411497962,411470763,411492183,2,29,7
2026-05-18 18:36:51,45.47829,9.227497,135.8,13,1.08,36.1,0.191,-0.318,-1.2,1.15,0.65,0.93,10.8,-5.25,0.74,3183,33,31.7,2,412000000,1779129411500000,1,93,411997858,411990373,411997978,2,9,2
2026-05-18 18:36:52,45.47829,9.227497,135.8,13,1.08,38.9,0.183,-0.346,-1.51,0.87,0.66,0.93,11.3,-5.84,0.82,3350,26,22.1,2,412500000,1779129412000000,1,92,412499495,412492215,412496163,0,7,3
2026-05-18 18:36:52,45.47829,9.227498,135.8,13,1.09,37.0,0.188,-0.333,-1.48,0.86,0.67,0.93,11.7,-6.01,0.74,3351,26,24.1,2,413000000,1779129412500000,1,100,412998039,412989566,412997735,1,10,2
2026-05-18 18:36:53,45.47829,9.227498,135.7,13,1.09,38.3,0.182,-0.321,-1.31,0.49,0.68,0.93,12.2,-5.94,0.79,3293,30,27.4,2,413500000,1779129413000000,1,96,413497069,413471272,413496944,2,28,3
2026-05-18 18:36:53,45.478291,9.227498,135.7,13,1.1,35.4,0.161,-0.315,-0.72,0.96,0.69,0.93,12.6,-5.21,0.83,3106,31,28.5,2,414000000,1779129413500000,1,97,413999259,413994028,413996057,0,5,3
2026-05-18 18:36:54,45.478291,9.227499,135.7,14,1.1,38.3,0.176,-0.283,-0.77,1.04,0.69,0.94,13.1,-4.57,0.81,3421,29,28.6,2,414500000,1779129414000000,1,96,414498089,414486621,414493854,1,13,6
2026-05-18 18:36:54,45.478291,9.227499,135.6,14,1.1,38.4,0.143,-0.26,-0.45,0.33,0.7,0.94,13.5,-4.38,0.81,3189,32,26.3,2,415000000,1779129414500000,1,94,414999059,414985559,414997407,0,14,2
2026-05-18 18:36:55,45.478291,9.2275,135.6,14,1.11,36.7,0.154,-0.255,-0.81,0.59,0.71,0.94,14.0,-4.38,0.82,3110,30,25.7,2,415500000,1779129415000000,1,100,415497580,415486705,415498309,2,13,1
2026-05-18 18:36:55,45.478292,9.2275,135.6,14,1.11,37.8,0.159,-0.242,-0.47,0.28,0.72,0.94,14.4,-4.8,0.79,3394,33,26.8,2,416000000,1779129415500000,1,97,415999065,415986639,415996445,0,13,3
2026-05-18 18:36:56,45.478292,9.2275,135.5,14,1.11,38.8,0.137,-0.253,-1.22,0.47,0.73,0.94,14.9,-5.07,0.8,3268,27,23.6,2,416500000,1779129416000000,1,95,416499160,416490935,416497414,0,9,2
2026-05-18 18:36:56,45.478292,9.227501,135.5,14,1.12,36.1,0.143,-0.24,-1.09,0.5,0.73,0.94,15.4,-4.34,0.74,3086,30,28.9,2,417000000,1779129416500000,1,95,416999213,416970002,416994677,0,29,5
2026-05-18 18:36:57,45.478292,9.227501,135.5,14,1.12,38.4,0.14,-0.198,-0.26,0.97,0.74,0.94,15.8,-4.03,0.76,3301,34,32.5,2,417500000,1779129417000000,1,93,417497886,417480990,417492436,2,19,7
2026-05-18 18:36:57,45.478293,9.227502,135.4,14,1.12,37.2,0.106,-0.184,-0.2,0.07,0.75,0.94,16.3,-3.78,0.82,3226,26,25.9,2,418000000,1779129417500000,1,98,417999276,417988882,417997795,0,11,2
2026-05-18 18:36:58,45.478293,9.227502,135.4,14,1.13,38.8,0.112,-0.18,-0.86,0.57,0.76,0.94,16.8,-3.69,0.8,3269,27,25.3,2,418500000,1779129418000000,1,97,418498587,418487060,418495751,1,12,4
2026-05-18 18:36:58,45.478293,9.227502,135.4,14,1.13,39.7,0.091,-0.187,-0.32,0.29,0.77,0.95,17.2,-3.78,0.79,3511,32,28.3,2,419000000,1779129418500000,1,100,418997455,418992629,418993120,2,7,6
2026-05-18 18:36:59,45.478293,9.227503,135.3,14,1.13,38.1,0.097,-0.175,-1.05,0.41,0.77,0.95,17.7,-3.26,0.77,3355,33,31.3,2,419500000,1779129419000000,1,95,419497953,419470468,419492467,2,29,7
2026-05-18 18:36:59,45.478294,9.227503,135.3,14,1.14,37.2,0.098,-0.126,-0.75,0.64,0.78,0.95,18.2,-2.72,0.83,3289,33,29.0,2,420000000,1779129419500000,1,94,419999150,419977241,419996633,0,22,3
2026-05-18 18:37:00,45.478294,9.227504,135.3,14,1.14,37.2,0.083,-0.116,-0.13,0.38,0.79,0.95,18.6,-2.47,0.72,3320,27,24.7,2,420500000,1779129420000000,1,100,420498777,420483297,420496676,1,16,3
2026-05-18 18:37:00,45.478294,9.227504,135.2,14,1.14,40.2,0.067,-0.115,-0.2,0.26,0.8,0.95,19.1,-1.79,0.73,3382,34,31.0,3,421000000,1779129420500000,1,94,420998934,420977183,420995445,1,22,4
2026-05-18 18:37:01,45.478294,9.227504,135.2,14,1.15,37.9,0.075,-0.087,-0.12,0.26,0.8,0.95,19.6,-1.36,0.74,3238,28,25.4,2,421500000,1779129421000000,1,94,421499300,421473748,421497634,0,26,2
2026-05-18 18:37:01,45.478295,9.227505,135.2,14,1.15,40.4,0.041,-0.076,-0.45,0.13,0.81,0.95,20.1,-1.09,0.76,3539,34,30.7,3,422000000,1779129421500000,1,98,421997649,421975372,421997845,2,24,2
2026-05-18 18:37:02,45.478295,9.227505,135.1,14,1.15,40.3,0.055,-0.074,-0.34,0.41,0.82,0.95,20.5,-1.37,0.73,3311,30,28.0,3,422500000,1779129422000000,1,97,422498126,422471608,422492280,1,28,7
2026-05-18 18:37:02,45.478295,9.227506,135.1,14,1.15,41.0,0.042,-0.051,-0.28,0.14,0.83,0.95,21.0,-0.95,0.79,3598,34,28.0,3,423000000,1779129422500000,1,92,422999124,422988006,422993019,0,11,6
2026-05-18 18:37:03,45.478295,9.227506,135.1,14,1.16,38.5,0.025,-0.053,-0.44,-0.1,0.83,0.95,21.5,-0.73,0.75,3310,30,28.7,2,423500000,1779129423000000,1,99,423497258,423492178,423498642,2,7,1
2026-05-18 18:37:03,45.478296,9.227507,135.0,14,1.16,39.7,0.009,-0.006,-0.16,0.28,0.84,0.95,22.0,-0.08,0.74,3443,35,30.2,2,424000000,1779129423500000,1,100,423997263,423976235,423997510,2,23,2
2026-05-18 18:37:04,45.478296,9.227507,135.0,14,1.16,41.0,0.001,-0.017,0.02,-0.34,0.85,0.95,22.4,-0.83,0.73,3308,28,23.8,3,424500000,1779129424000000,1,94,424497839,424476009,424497495,2,23,2
2026-05-18 18:37:04,45.478296,9.227508,135.0,14,1.16,41.4,-0.011,0.018,0.56,-0.04,0.85,0.95,22.9,-0.04,0.81,3603,29,27.5,3,425000000,1779129424500000,1,94,424998634,424990118,424993562,1,9,6
2026-05-18 18:37:05,45.478296,9.227508,134.9,14,1.17,41.1,-0.014,0.014,-0.08,0.21,0.86,0.95,23.4,0.14,0.81,3475,32,28.0,3,425500000,1779129425000000,1,96,425497968,425491327,425498756,2,8,1
2026-05-18 18:37:05,45.478297,9.227508,134.9,14,1.17,41.0,-0.019,0.05,0.23,0.06,0.87,0.95,23.9,0.7,0.74,3457,33,29.0,3,426000000,1779129425500000,1,92,425998223,425991370,425992136,1,8,7
2026-05-18 18:37:06,45.478297,9.227509,134.9,14,1.17,42.9,-0.037,0.067,-0.04,-0.13,0.87,0.95,24.4,0.63,0.74,3682,30,27.7,3,426500000,1779129426000000,1,99,426497771,426475409,426495578,2,24,4
2026-05-18 18:37:06,45.478297,9.227509,134.8,14,1.17,42.1,-0.044,0.074,0.07,-0.27,0.88,0.95,24.8,0.75,0.74,3459,31,29.8,3,427000000,1779129426500000,1,96,426998240,426974976,426998830,1,25,1
2026-05-18 18:37:07,45.478297,9.22751,134.8,14,1.17,42.0,-0.054,0.08,0.09,-0.17,0.89,0.95,25.3,1.43,0.79,3486,33,32.6,3,427500000,1779129427000000,1,96,427498573,427493496,427493912,1,6,6
2026-05-18 18:37:07,45.478298,9.22751,134.8,14,1.18,42.2,-0.058,0.097,0.8,-0.19,0.9,0.95,25.8,1.16,0.82,3374,32,26.7,3,428000000,1779129427500000,1,96,427999436,427993296,427994566,0,6,5
2026-05-18 18:37:08,45.478298,9.227511,134.7,14,1.18,44.9,-0.07,0.103,0.04,-0.29,0.9,0.95,26.3,1.46,0.8,3608,40,34.0,3,428500000,1779129428000000,1,96,428497243,428471778,428497399,2,28,2
2026-05-18 18:37:08,45.478298,9.227511,134.7,14,1.18,45.6,-0.084,0.147,0.41,-0.68,0.91,0.95,26.8,3.05,0.81,3763,36,33.0,3,429000000,1779129428500000,1,93,428998527,428974504,428998285,1,25,1
2026-05-18 18:37:09,45.478298,9.227512,134.7,14,1.18,42.9,-0.098,0.168,1.08,-0.55,0.91,0.95,27.3,3.25,0.73,3430,31,29.4,3,429500000,1779129429000000,1,96,429498155,429476083,429493798,1,23,6
2026-05-18 18:37:09,45.478299,9.227512,134.6,14,1.18,43.5,-0.097,0.167,0.86,-0.23,0.92,0.95,27.7,3.54,0.78,3555,32,30.9,3,430000000,1779129429500000,1,96,429997616,429972269,429996457,2,27,3
2026-05-18 18:37:10,45.478299,9.227513,134.6,14,1.18,45.3,-0.097,0.189,0.24,-0.14,0.93,0.95,28.2,3.24,0.72,3793,40,38.3,3,430500000,1779129430000000,1,96,430498107,430473619,430497268,1,26,2
2026-05-18 18:37:10,45.478299,9.227513,134.6,14,1.19,45.2,-0.12,0.2,0.66,-0.35,0.93,0.94,28.7,3.33,0.7,3632,41,39.0,3,431000000,1779129430500000,1,97,430998971,430989618,430996355,1,10,3
2026-05-18 18:37:11,45.4783,9.227514,134.5,14,1.19,45.4,-0.127,0.207,0.82,-0.35,0.94,0.94,29.2,3.73,0.79,3580,32,25.9,3,431500000,1779129431000000,1,100,431498071,431473071,431494406,1,26,5
2026-05-18 18:37:11,45.4783,9.227514,134.5,14,1.19,47.0,-0.127,0.22,0.62,-0.24,0.95,0.94,29.7,3.47,0.75,3683,33,30.5,3,432000000,1779129431500000,1,93,431999087,431970920,431993103,0,29,6
2026-05-18 18:37:12,45.4783,9.227515,134.5,14,1.19,45.6,-0.136,0.215,0.98,-0.92,0.95,0.94,30.2,3.7,0.8,3567,32,28.4,3,432500000,1779129432000000,1,96,432497432,432487697,432495704,2,12,4
2026-05-18 18:37:12,45.478301,9.227515,134.4,14,1.19,47.8,-0.151,0.23,0.39,-0.32,0.96,0.94,30.7,3.77,0.71,3736,41,36.5,3,433000000,1779129432500000,1,99,432999378,432992049,432996001,0,7,3
2026-05-18 18:37:13,45.478301,9.227516,134.4,14,1.19,49.4,-0.155,0.267,1.24,-0.94,0.96,0.94,31.2,4.74,0.77,3845,36,35.0,3,433500000,1779129433000000,1,99,433499449,433490711,433493393,0,9,6
2026-05-18 18:37:13,45.478301,9.227516,134.4,14,1.19,47.3,-0.143,0.255,1.08,-0.45,0.97,0.94,31.7,5.09,0.72,3696,34,31.7,3,434000000,1779129433500000,1,97,433997820,433977202,433995569,2,22,4
2026-05-18 18:37:14,45.478301,9.227517,134.3,14,1.19,49.7,-0.148,0.271,0.9,-0.49,0.98,0.94,32.1,4.97,0.73,3863,36,30.8,3,434500000,1779129434000000,1,98,434497719,434470988,434497377,2,29,2
2026-05-18 18:37:14,45.478302,9.227517,134.3,14,1.2,48.1,-0.157,0.279,0.87,-0.55,0.98,0.94,32.6,5.08,0.7,3929,39,37.9,3,435000000,1779129434500000,1,96,434998198,434973999,434997375,1,26,2
2026-05-18 18:37:15,45.478302,9.227518,134.3,14,1.2,50.6,-0.165,0.297,0.65,-0.37,0.99,0.93,33.1,5.6,0.74,3987,37,30.4,3,435500000,1779129435000000,1,99,435498367,435487651,435498167,1,12,1
2026-05-18 18:37:15,45.478302,9.227518,134.2,14,1.2,50.8,-0.185,0.306,1.52,-1.0,0.99,0.93,33.6,6.01,0.83,4023,40,33.1,3,436000000,1779129435500000,1,98,435998345,435985236,435993656,1,14,6
2026-05-18 18:37:16,45.478303,9.227519,134.2,14,1.2,52.3,-0.174,0.333,0.79,-0.34,1.0,0.93,34.1,5.67,0.78,3953,39,37.0,3,436500000,1779129436000000,1,95,436498681,436473443,436498976,1,26,1
2026-05-18 18:37:16,45.478303,9.227519,134.2,14,1.2,51.0,-0.166,0.346,1.52,-0.43,1.0,0.93,34.6,6.71,0.82,3867,42,40.1,3,437000000,1779129436500000,1,97,436999319,436992446,436993176,0,7,6
2026-05-18 18:37:17,45.478303,9.22752,134.2,14,1.2,52.6,-0.191,0.344,1.21,-0.76,1.01,0.93,35.1,6.62,0.72,4216,42,39.2,3,437500000,1779129437000000,1,100,437498065,437489623,437497418,1,10,2
2026-05-18 18:37:17,45.478304,9.227521,134.1,14,1.2,51.1,-0.19,0.355,1.22,-0.53,1.02,0.93,35.6,6.62,0.77,3987,43,40.7,3,438000000,1779129437500000,1,99,437999115,437991879,437996280,0,8,3
2026-05-18 18:37:18,45.478304,9.227521,134.1,14,1.2,53.6,-0.169,0.373,1.6,-0.89,1.02,0.92,36.1,6.24,0.82,4054,44,38.0,3,438500000,1779129438000000,1,96,438497141,438477750,438498995,2,22,1
2026-05-18 18:37:18,45.478304,9.227522,134.1,14,1.2,52.4,-0.179,0.382,1.54,-0.52,1.03,0.92,36.6,7.17,0.74,4130,41,34.6,3,439000000,1779129438500000,1,93,438998505,438985443,438996888,1,14,3
2026-05-18 18:37:19,45.478305,9.227522,134.0,14,1.2,55.5,-0.166,0.393,0.99,-0.94,1.03,0.92,37.1,7.23,0.82,4358,46,41.1,3,439500000,1779129439000000,1,92,439498246,439486329,439497916,1,13,2
2026-05-18 18:37:19,45.478305,9.227523,134.0,14,1.2,53.5,-0.169,0.365,1.64,-0.39,1.04,0.92,37.6,7.08,0.81,4176,40,33.9,3,440000000,1779129439500000,1,92,439998053,439985888,439992450,1,14,7
2026-05-18 18:37:20,45.478305,9.227523,134.0,14,1.2,53.7,-0.165,0.375,1.51,-0.48,1.04,0.92,38.1,6.4,0.78,4098,38,34.1,3,440500000,1779129440000000,1,99,440499389,440470965,440494765,0,29,5
2026-05-18 18:37:20,45.478306,9.227524,133.9,14,1.2,56.1,-0.166,0.376,1.23,-0.51,1.05,0.91,38.5,6.59,0.8,4400,44,39.8,3,441000000,1779129440500000,1,97,440998235,440992362,440995395,1,7,4
2026-05-18 18:37:21,45.478306,9.227525,133.9,14,1.2,57.9,-0.179,0.399,1.23,-0.65,1.05,0.91,39.0,7.41,0.76,4413,45,41.4,3,441500000,1779129441000000,1,92,441499225,441484348,441497879,0,15,2
2026-05-18 18:37:21,45.478306,9.227525,133.9,14,1.2,58.0,-0.175,0.414,1.24,-0.78,1.06,0.91,39.5,6.89,0.74,4326,42,38.5,3,442000000,1779129441500000,1,94,441997712,441973329,441992016,2,26,7
2026-05-18 18:37:22,45.478307,9.227526,133.8,14,1.2,55.5,-0.173,0.39,1.11,-0.75,1.06,0.91,40.0,6.92,0.79,4295,47,42.2,3,442500000,1779129442000000,1,97,442498028,442471434,442496818,1,28,3
2026-05-18 18:37:22,45.478307,9.227527,133.8,14,1.2,56.9,-0.164,0.392,0.99,-0.32,1.06,0.9,40.5,6.72,0.71,4300,44,37.1,3,443000000,1779129442500000,1,95,442997254,442985690,442994992,2,14,5
2026-05-18 18:37:23,45.478308,9.227527,133.8,14,1.2,58.6,-0.162,0.399,1.67,-0.69,1.07,0.9,41.0,7.48,0.81,4390,49,41.9,3,443500000,1779129443000000,1,93,443497218,443473511,443494779,2,26,5
2026-05-18 18:37:23,45.478308,9.227528,133.7,14,1.2,60.8,-0.158,0.4,1.87,-0.89,1.07,0.9,41.5,7.73,0.73,4599,51,47.1,3,444000000,1779129443500000,1,97,443997438,443973649,443996459,2,26,3
2026-05-18 18:37:24,45.478308,9.227528,133.7,14,1.2,59.4,-0.15,0.416,1.22,-1.02,1.08,0.9,42.0,7.24,0.8,4325,42,39.5,3,444500000,1779129444000000,1,98,444498617,444481290,444497116,1,18,2
2026-05-18 18:37:24,45.478309,9.227529,133.7,14,1.2,59.7,-0.137,0.433,2.0,-0.42,1.08,0.89,42.5,8.31,0.8,4466,47,40.2,3,445000000,1779129444500000,1,100,444997314,444975283,444993899,2,24,6
2026-05-18 18:37:25,45.478309,9.22753,133.7,14,1.2,62.0,-0.134,0.415,1.1,-0.34,1.09,0.89,43.0,7.1,0.71,4602,51,45.7,3,445500000,1779129445000000,1,95,445499082,445472901,445494121,0,27,5
2026-05-18 18:37:25,45.478309,9.22753,133.6,14,1.19,60.6,-0.118,0.423,1.73,-0.31,1.09,0.89,43.5,7.16,0.71,4423,51,43.6,3,446000000,1779129445500000,1,98,445997224,445977956,445992990,2,22,7
2026-05-18 18:37:26,45.47831,9.227531,133.6,14,1.19,61.1,-0.119,0.428,1.49,-0.31,1.1,0.89,44.0,7.44,0.77,4481,46,40.4,3,446500000,1779129446000000,1,99,446498814,446494287,446494927,1,5,5
2026-05-18 18:37:26,45.47831,9.227532,133.6,14,1.19,63.5,-0.119,0.403,1.82,-0.32,1.1,0.88,44.4,7.66,0.79,4661,52,45.9,3,447000000,1779129446500000,1,100,446998208,446980270,446994146,1,19,5
2026-05-18 18:37:27,45.478311,9.227532,133.5,14,1.19,61.7,-0.095,0.41,1.33,-0.29,1.1,0.88,44.9,7.31,0.77,4719,44,38.8,3,447500000,1779129447000000,1,94,447498616,447479256,447496161,1,20,3
2026-05-18 18:37:27,45.478311,9.227533,133.5,14,1.19,61.2,-0.08,0.41,1.39,-0.65,1.11,0.88,45.4,7.81,0.72,4699,45,38.3,3,448000000,1779129447500000,1,94,447997335,447970165,447995194,2,29,4
2026-05-18 18:37:28,45.478311,9.227534,133.5,14,1.19,62.2,-0.079,0.406,1.19,-0.02,1.11,0.87,45.9,7.47,0.72,4700,49,41.3,3,448500000,1779129448000000,1,93,448498787,448481761,448495373,1,18,4
2026-05-18 18:37:28,45.478312,9.227534,133.5,14,1.19,62.8,-0.081,0.39,1.14,-0.04,1.11,0.87,46.4,6.6,0.81,4520,48,41.1,3,449000000,1779129448500000,1,93,448997637,448990919,448994844,2,9,5
2026-05-18 18:37:29,45.478312,9.227535,133.4,14,1.19,64.6,-0.053,0.405,1.03,-0.58,1.12,0.87,46.9,6.73,0.82,4616,52,46.9,3,449500000,1779129449000000,1,99,449498398,449491201,449497998,1,8,2
2026-05-18 18:37:29,45.478313,9.227536,133.4,14,1.19,64.5,-0.044,0.393,0.94,-0.48,1.12,0.87,47.4,7.43,0.81,4815,48,40.6,3,450000000,1779129449500000,1,92,449998319,449972785,449997561,1,27,2
2026-05-18 18:37:30,45.478313,9.227537,133.4,14,1.18,63.8,-0.041,0.388,1.76,-0.19,1.13,0.86,47.9,7.34,0.82,4769,48,44.1,3,450500000,1779129450000000,1,95,450497352,450477549,450498890,2,22,1
2026-05-18 18:37:30,45.478313,9.227537,133.3,13,1.18,63.9,-0.039,0.389,0.89,-0.21,1.13,0.86,48.4,7.3,0.76,4827,52,48.1,3,451000000,1779129450500000,1,99,450997083,450971356,450993738,2,28,6
2026-05-18 18:37:31,45.478314,9.227538,133.3,13,1.18,66.0,-0.04,0.393,1.42,0.15,1.13,0.86,48.8,7.43,0.8,4945,50,45.8,4,451500000,1779129451000000,1,97,451498142,451492736,451497072,1,7,2
2026-05-18 18:37:31,45.478314,9.227539,133.3,13,1.18,64.8,-0.023,0.369,1.61,0.13,1.14,0.85,49.3,6.91,0.79,4615,51,47.1,3,452000000,1779129451500000,1,92,451998689,451975959,451993475,1,24,6
2026-05-18 18:37:32,45.478315,9.227539,133.3,13,1.18,65.3,-0.012,0.353,1.07,-0.34,1.14,0.85,49.8,6.91,0.77,4687,55,49.6,4,452500000,1779129452000000,1,92,452498249,452478649,452496886,1,21,3
2026-05-18 18:37:32,45.478315,9.22754,133.2,13,1.18,68.8,0.006,0.358,0.92,0.1,1.14,0.85,50.3,6.35,0.81,4990,50,46.6,4,453000000,1779129452500000,1,97,452999244,452974450,452992309,0,25,7
2026-05-18 18:37:33,45.478315,9.227541,133.2,13,1.17,68.0,0.003,0.361,1.47,0.4,1.14,0.84,50.8,6.64,0.76,4972,57,51.5,4,453500000,1779129453000000,1,97,453499179,453481318,453496720,0,18,3
2026-05-18 18:37:33,45.478316,9.227542,133.2,13,1.17,67.6,0.022,0.35,1.56,0.12,1.15,0.84,51.3,6.42,0.76,4994,54,50.3,4,454000000,1779129453500000,1,92,453998372,453981678,453997331,1,18,2
2026-05-18 18:37:34,45.478316,9.227542,133.2,13,1.17,66.6,0.022,0.347,1.53,-0.01,1.15,0.84,51.7,5.68,0.81,4940,56,49.3,4,454500000,1779129454000000,1,97,454499266,454482717,454498483,0,17,1
2026-05-18 18:37:34,45.478317,9.227543,133.1,13,1.17,67.5,0.041,0.33,1.42,0.14,1.15,0.83,52.2,6.1,0.76,4894,51,45.5,4,455000000,1779129454500000,1,99,454997494,454976376,454994012,2,23,5
2026-05-18 18:37:35,45.478317,9.227544,133.1,13,1.16,67.1,0.055,0.323,1.25,0.44,1.16,0.83,52.7,5.64,0.78,4789,58,49.8,4,455500000,1779129455000000,1,93,455497308,455490788,455495551,2,9,4
2026-05-18 18:37:35,45.478318,9.227544,133.1,13,1.16,67.3,0.05,0.325,1.52,0.12,1.16,0.83,53.2,5.55,0.8,5042,53,49.8,4,456000000,1779129455500000,1,92,455997160,455976658,455997099,2,23,2
2026-05-18 18:37:36,45.478318,9.227545,133.0,13,1.16,68.0,0.082,0.282,1.43,0.65,1.16,0.82,53.7,5.23,0.78,5043,56,53.2,4,456500000,1779129456000000,1,95,456497831,456485301,456497550,2,14,2
2026-05-18 18:37:36,45.478318,9.227546,133.0,13,1.16,69.0,0.093,0.303,0.84,0.18,1.16,0.82,54.1,5.44,0.73,5081,58,52.0,4,457000000,1779129456500000,1,98,456998522,456971315,456993568,1,28,6
2026-05-18 18:37:37,45.478319,9.227547,133.0,13,1.15,71.5,0.077,0.262,0.5,0.15,1.17,0.81,54.6,5.23,0.77,5142,53,50.5,4,457500000,1779129457000000,1,95,457498312,457478533,457497375,1,21,2
2026-05-18 18:37:37,45.478319,9.227548,133.0,13,1.15,72.2,0.101,0.24,0.76,0.2,1.17,0.81,55.1,3.73,0.82,5163,59,52.5,4,458000000,1779129457500000,1,96,457997586,457981227,457997251,2,18,2
2026-05-18 18:37:38,45.47832,9.227548,132.9,13,1.15,70.8,0.117,0.236,0.6,0.15,1.17,0.81,55.6,4.27,0.7,5176,59,50.5,4,458500000,1779129458000000,1,94,458499023,458487030,458496814,0,12,3
2026-05-18 18:37:38,45.47832,9.227549,132.9,12,1.15,70.5,0.118,0.24,1.16,0.85,1.17,0.8,56.0,3.73,0.76,5074,52,48.5,4,459000000,1779129458500000,1,92,458997819,458978236,458992339,2,21,7
2026-05-18 18:37:39,45.478321,9.22755,132.9,12,1.14,72.2,0.134,0.223,1.13,0.61,1.18,0.8,56.5,3.86,0.73,5043,54,48.6,4,459500000,1779129459000000,1,100,459497850,459489571,459494514,2,10,5
2026-05-18 18:37:39,45.478321,9.227551,132.9,12,1.14,70.3,0.139,0.228,1.14,0.4,1.18,0.8,57.0,4.44,0.72,5021,60,55.9,4,460000000,1779129459500000,1,92,459997974,459985137,459992723,2,14,7
2026-05-18 18:37:40,45.478322,9.227551,132.9,12,1.14,69.5,0.124,0.179,0.15,0.27,1.18,0.79,57.5,3.23,0.71,5029,50,47.0,4,460500000,1779129460000000,1,93,460497059,460479015,460496704,2,20,3
2026-05-18 18:37:40,45.478322,9.227552,132.8,12,1.13,73.2,0.137,0.186,0.21,0.67,1.18,0.79,57.9,3.4,0.75,5083,59,53.7,4,461000000,1779129460500000,1,96,460998059,460992940,460994075,1,7,5
2026-05-18 18:37:41,45.478323,9.227553,132.8,12,1.13,70.8,0.142,0.158,0.73,0.67,1.18,0.78,58.4,3.34,0.8,5075,56,53.0,4,461500000,1779129461000000,1,94,461498638,461479478,461498331,1,20,1
2026-05-18 18:37:41,45.478323,9.227554,132.8,12,1.13,70.7,0.158,0.15,0.71,0.66,1.18,0.78,58.9,2.71,0.81,5179,52,43.9,4,462000000,1779129461500000,1,95,461998194,461971915,461995251,1,28,4
2026-05-18 18:37:42,45.478323,9.227554,132.8,12,1.13,72.1,0.154,0.129,0.5,0.61,1.19,0.78,59.3,2.37,0.74,5158,59,55.2,4,462500000,1779129462000000,1,99,462497860,462478284,462495217,2,21,4
2026-05-18 18:37:42,45.478324,9.227555,132.7,12,1.12,71.5,0.154,0.137,0.56,0.85,1.19,0.77,59.8,2.64,0.73,5233,52,45.7,4,463000000,1779129462500000,1,93,462998271,462979028,462994652,1,20,5
2026-05-18 18:37:43,45.478324,9.227556,132.7,12,1.12,74.3,0.178,0.105,0.65,1.06,1.19,0.77,60.2,2.27,0.83,5415,55,52.1,4,463500000,1779129463000000,1,100,463497019,463480709,463497883,2,19,2
2026-05-18 18:37:43,45.478325,9.227557,132.7,12,1.11,70.8,0.176,0.091,0.72,1.14,1.19,0.76,60.7,1.59,0.72,5073,53,46.6,4,464000000,1779129463500000,1,99,463997554,463988626,463998582,2,11,1
2026-05-18 18:37:44,45.478325,9.227558,132.7,12,1.11,72.8,0.184,0.077,0.21,0.97,1.19,0.76,61.2,1.06,0.79,5112,56,52.1,4,464500000,1779129464000000,1,96,464497593,464490616,464497755,2,9,2
2026-05-18 18:37:44,45.478326,9.227558,132.7,12,1.11,71.1,0.188,0.066,-0.1,1.14,1.19,0.76,61.6,1.74,0.82,4986,53,45.9,4,465000000,1779129464500000,1,95,464997542,464983324,464994053,2,16,5
2026-05-18 18:37:45,45.478326,9.227559,132.6,11,1.1,71.4,0.164,0.056,-0.11,0.33,1.19,0.75,62.1,1.09,0.73,5078,61,51.9,4,465500000,1779129465000000,1,92,465497483,465480095,465492945,2,19,7
2026-05-18 18:37:45,45.478327,9.22756,132.6,11,1.1,74.4,0.182,0.022,0.34,0.92,1.19,0.75,62.5,0.15,0.72,5147,60,56.3,4,466000000,1779129465500000,1,99,465997628,465972020,465993306,2,27,6
2026-05-18 18:37:46,45.478327,9.227561,132.6,11,1.1,71.7,0.168,0.023,0.33,0.76,1.2,0.74,63.0,0.69,0.77,5189,54,49.6,4,466500000,1779129466000000,1,95,466498074,466493135,466495543,1,6,4
2026-05-18 18:37:46,45.478328,9.227561,132.6,11,1.09,74.5,0.165,-0.014,-0.33,0.54,1.2,0.74,63.5,-0.17,0.8,5445,57,49.1,4,467000000,1779129466500000,1,96,466999083,466989897,466996097,0,10,3
2026-05-18 18:37:47,45.478328,9.227562,132.6,11,1.09,74.1,0.192,-0.03,-0.03,0.98,1.2,0.74,63.9,-0.39,0.76,5294,56,50.5,4,467500000,1779129467000000,1,95,467497488,467481359,467495499,2,18,4
2026-05-18 18:37:47,45.478328,9.227563,132.5,11,1.09,73.4,0.186,-0.021,0.18,1.04,1.2,0.73,64.4,-0.62,0.72,5118,57,54.1,4,468000000,1779129467500000,1,98,467999301,467977255,467996255,0,22,3
2026-05-18 18:37:48,45.478329,9.227564,132.5,11,1.08,74.7,0.163,-0.04,0.27,0.46,1.2,0.73,64.8,-0.13,0.81,5231,55,50.3,4,468500000,1779129468000000,1,95,468497682,468478488,468493144,2,21,6
2026-05-18 18:37:48,45.478329,9.227565,132.5,11,1.08,74.2,0.168,-0.058,-0.27,0.45,1.2,0.72,65.3,-1.02,0.72,5262,55,48.4,4,469000000,1779129468500000,1,97,468997455,468989384,468994699,2,10,5
2026-05-18 18:37:49,45.47833,9.227565,132.5,11,1.07,74.6,0.187,-0.071,-0.04,1.08,1.2,0.72,65.7,-1.04,0.71,5245,59,52.3,4,469500000,1779129469000000,1,97,469497017,469475745,469497890,2,24,2
2026-05-18 18:37:49,45.47833,9.227566,132.5,11,1.07,71.8,0.182,-0.1,-0.45,0.88,1.2,0.71,66.1,-2.27,0.74,5275,57,48.6,4,470000000,1779129469500000,1,99,469999353,469986335,469995937,0,13,4
2026-05-18 18:37:50,45.478331,9.227567,132.4,11,1.06,74.6,0.171,-0.103,0.14,0.55,1.2,0.71,66.6,-2.42,0.71,5237,60,56.6,4,470500000,1779129470000000,1,96,470497389,470474452,470495184,2,25,4
2026-05-18 18:37:50,45.478331,9.227568,132.4,11,1.06,72.3,0.17,-0.125,-0.92,0.43,1.2,0.71,67.0,-1.87,0.82,5065,59,55.0,4,471000000,1779129470500000,1,92,470997197,470981328,470996524,2,18,3
2026-05-18 18:37:51,45.478332,9.227569,132.4,11,1.06,73.2,0.165,-0.121,-0.57,0.74,1.2,0.7,67.5,-1.71,0.8,5095,56,51.5,4,471500000,1779129471000000,1,99,471497217,471476488,471498713,2,23,1
2026-05-18 18:37:51,45.478332,9.227569,132.4,11,1.05,72.8,0.156,-0.147,-0.73,0.64,1.2,0.7,67.9,-2.65,0.74,5318,61,53.8,4,472000000,1779129471500000,1,96,471998709,471994637,471995179,1,5,4
2026-05-18 18:37:52,45.478333,9.22757,132.4,11,1.05,74.0,0.16,-0.153,-0.21,0.3,1.2,0.71,68.4,-2.59,0.71,5176,60,52.3,4,472500000,1779129472000000,1,97,472498144,472491083,472497881,1,8,2
2026-05-18 18:37:52,45.478333,9.227571,132.4,11,1.04,74.2,0.139,-0.164,-0.2,0.56,1.2,0.71,68.8,-3.12,0.71,5318,60,56.3,4,473000000,1779129472500000,1,94,472997986,472986750,472994534,2,13,5
2026-05-18 18:37:53,45.478334,9.227572,132.3,11,1.04,70.1,0.128,-0.175,-0.52,0.18,1.2,0.71,69.2,-2.77,0.79,5101,57,52.9,4,473500000,1779129473000000,1,96,473498622,473492216,473492043,1,7,7
2026-05-18 18:37:53,45.478334,9.227573,132.3,11,1.03,73.8,0.135,-0.214,-0.48,0.27,1.2,0.72,69.7,-4.33,0.8,5121,55,47.3,4,474000000,1779129473500000,1,98,473997353,473978143,473997942,2,21,2
2026-05-18 18:37:54,45.478334,9.227573,132.3,11,1.03,73.5,0.13,-0.212,-0.37,0.32,1.2,0.72,70.1,-3.91,0.77,5314,55,48.6,4,474500000,1779129474000000,1,96,474497840,474472411,474493896,2,27,6
2026-05-18 18:37:54,45.478335,9.227574,132.3,11,1.02,71.3,0.099,-0.242,-0.53,0.47,1.2,0.73,70.5,-3.97,0.82,5141,57,52.2,4,475000000,1779129474500000,1,95,474998348,474986785,474996632,1,13,3
2026-05-18 18:37:55,45.478335,9.227575,132.3,11,1.02,70.5,0.108,-0.251,-0.6,0.7,1.2,0.73,70.9,-4.6,0.8,5125,53,48.3,4,475500000,1779129475000000,1,97,475498825,475493671,475498190,1,6,1
2026-05-18 18:37:55,45.478336,9.227576,132.3,11,1.01,71.8,0.086,-0.245,-0.77,0.04,1.2,0.74,71.4,-4.51,0.83,5185,54,47.8,4,476000000,1779129475500000,1,92,475998666,475990888,475997042,1,9,2
2026-05-18 18:37:56,45.478336,9.227576,132.3,11,1.01,72.2,0.096,-0.262,-1.36,0.57,1.2,0.74,71.8,-5.11,0.73,5260,61,57.1,4,476500000,1779129476000000,1,94,476497597,476493959,476495756,2,6,4
2026-05-18 18:37:56,45.478337,9.227577,132.2,11,1.0,72.3,0.086,-0.276,-1.35,0.72,1.2,0.74,72.2,-5.35,0.81,5253,62,56.9,4,477000000,1779129476500000,1,98,476998008,476984573,476994376,1,15,5
2026-05-18 18:37:57,45.478337,9.227578,132.2,11,1.0,70.7,0.072,-0.28,-1.15,0.08,1.19,0.75,72.6,-4.69,0.78,5115,55,49.0,4,477500000,1779129477000000,1,95,477498182,477487221,477493798,1,12,6
2026-05-18 18:37:57,45.478338,9.227579,132.2,11,0.99,69.0,0.047,-0.31,-1.03,-0.12,1.19,0.75,73.1,-5.43,0.73,4944,56,49.1,4,478000000,1779129477500000,1,96,477998324,477993236,477994627,1,6,5
2026-05-18 18:37:58,45.478338,9.227579,132.2,12,0.99,70.6,0.06,-0.298,-1.5,-0.06,1.19,0.76,73.5,-5.26,0.79,5225,51,45.8,4,478500000,1779129478000000,1,98,478498439,478481266,478494044,1,18,5
2026-05-18 18:37:58,45.478338,9.22758,132.2,12,0.98,69.9,0.042,-0.323,-0.65,0.49,1.19,0.76,73.9,-6.21,0.83,5005,57,51.6,4,479000000,1779129478500000,1,98,478998449,478988710,478998981,1,11,1
2026-05-18 18:37:59,45.478339,9.227581,132.2,12,0.98,69.6,0.042,-0.318,-0.73,0.2,1.19,0.76,74.3,-5.83,0.79,5080,55,51.3,4,479500000,1779129479000000,1,93,479497338,479476349,479495311,2,23,4
2026-05-18 18:37:59,45.478339,9.227582,132.2,12,0.97,68.0,0.036,-0.347,-1.05,0.16,1.19,0.77,74.7,-6.31,0.83,4883,56,49.4,4,480000000,1779129479500000,1,95,479997729,479993108,479994349,2,6,5
2026-05-18 18:38:00,45.47834,9.227582,132.2,12,0.97,69.8,0.025,-0.357,-1.09,-0.06,1.19,0.77,75.1,-5.91,0.75,4952,54,51.2,4,480500000,1779129480000000,1,94,480498617,480487386,480498453,1,12,1
2026-05-18 18:38:00,45.47834,9.227583,132.2,12,0.96,69.4,-0.005,-0.361,-0.95,0.13,1.19,0.78,75.5,-6.17,0.75,5147,53,50.1,4,481000000,1779129480500000,1,97,480997385,480974166,480997619,2,25,2
2026-05-18 18:38:01,45.478341,9.227584,132.1,12,0.96,66.2,-0.01,-0.382,-1.8,-0.03,1.18,0.78,75.9,-6.54,0.83,4874,49,46.5,4,481500000,1779129481000000,1,95,481499211,481494576,481497546,0,5,2
2026-05-18 18:38:01,45.478341,9.227585,132.1,12,0.95,65.9,-0.01,-0.363,-1.61,-0.44,1.18,0.78,76.3,-7.11,0.74,4751,53,46.3,4,482000000,1779129481500000,1,92,481998621,481987828,481993622,1,12,6
2026-05-18 18:38:02,45.478341,9.227585,132.1,12,0.95,65.2,-0.027,-0.395,-1.68,-0.23,1.18,0.79,76.7,-7.42,0.83,4833,53,50.1,4,482500000,1779129482000000,1,97,482497779,482476243,482498618,2,23,1
2026-05-18 18:38:02,45.478342,9.227586,132.1,12,0.94,66.7,-0.022,-0.405,-1.82,-0.23,1.18,0.79,77.1,-7.19,0.82,5014,53,47.8,4,483000000,1779129482500000,1,94,482998168,482991430,482993638,1,8,6
2026-05-18 18:38:03,45.478342,9.227587,132.1,12,0.94,65.5,-0.046,-0.398,-1.22,0.01,1.18,0.8,77.5,-6.86,0.75,4839,53,47.8,4,483500000,1779129483000000,1,96,483497272,483481943,483495750,2,18,4
2026-05-18 18:38:03,45.478343,9.227588,132.1,12,0.93,66.0,-0.069,-0.396,-0.94,-0.4,1.18,0.8,77.9,-7.16,0.81,4837,50,42.9,4,484000000,1779129483500000,1,98,483998582,483980089,483994078,1,19,5
2026-05-18 18:38:04,45.478343,9.227588,132.1,12,0.92,65.5,-0.07,-0.388,-1.33,-0.09,1.17,0.8,78.3,-7.3,0.71,4795,55,50.4,4,484500000,1779129484000000,1,100,484499418,484481469,484494023,0,18,5
2026-05-18 18:38:04,45.478344,9.227589,132.1,13,0.92,66.3,-0.087,-0.403,-1.02,-0.43,1.17,0.81,78.7,-7.02,0.71,4927,48,43.3,4,485000000,1779129484500000,1,98,484999304,484993362,484995669,0,6,4
2026-05-18 18:38:05,45.478344,9.22759,132.1,13,0.91,62.6,-0.073,-0.425,-1.51,-0.48,1.17,0.81,79.1,-8.21,0.71,4666,52,47.4,3,485500000,1779129485000000,1,93,485497905,485494553,485497358,2,5,2
2026-05-18 18:38:05,45.478344,9.22759,132.1,13,0.91,64.4,-0.087,-0.419,-1.37,-0.38,1.17,0.81,79.5,-7.54,0.79,4691,53,46.3,3,486000000,1779129485500000,1,94,485997224,485990989,485995289,2,9,4
2026-05-18 18:38:06,45.478345,9.227591,132.1,13,0.9,65.4,-0.092,-0.397,-1.56,-0.16,1.16,0.82,79.9,-7.54,0.76,4687,49,41.4,4,486500000,1779129486000000,1,98,486498577,486479464,486494660,1,20,5
2026-05-18 18:38:06,45.478345,9.227592,132.1,13,0.9,64.6,-0.1,-0.411,-1.05,-0.1,1.16,0.82,80.3,-6.91,0.82,4838,53,48.4,3,487000000,1779129486500000,1,94,486997318,486985314,486993194,2,14,6
2026-05-18 18:38:07,45.478346,9.227592,132.0,13,0.89,64.7,-0.11,-0.41,-1.86,-0.78,1.16,0.83,80.7,-7.29,0.8,4632,49,44.5,3,487500000,1779129487000000,1,96,487499466,487475638,487493541,0,24,6
2026-05-18 18:38:07,45.478346,9.227593,132.0,13,0.88,62.0,-0.116,-0.419,-1.88,-0.67,1.16,0.83,81.0,-7.84,0.75,4657,53,48.8,3,488000000,1779129487500000,1,98,487998900,487981633,487994746,1,18,5
2026-05-18 18:38:08,45.478346,9.227594,132.0,13,0.88,61.2,-0.126,-0.422,-1.37,-0.54,1.15,0.83,81.4,-7.53,0.76,4708,52,48.5,3,488500000,1779129488000000,1,98,488498474,488470115,488493340,1,29,6
2026-05-18 18:38:08,45.478347,9.227594,132.0,13,0.87,60.8,-0.125,-0.414,-1.66,-0.3,1.15,0.84,81.8,-7.8,0.78,4409,45,39.6,3,489000000,1779129488500000,1,94,488997460,488979676,488994420,2,20,5
2026-05-18 18:38:09,45.478347,9.227595,132.0,13,0.87,62.6,-0.149,-0.412,-1.56,-0.52,1.15,0.84,82.2,-7.31,0.83,4496,46,42.6,3,489500000,1779129489000000,1,95,489497583,489472395,489492565,2,27,7
2026-05-18 18:38:09,45.478348,9.227596,132.0,13,0.86,61.8,-0.136,-0.42,-1.84,-0.7,1.14,0.84,82.5,-7.93,0.76,4602,52,48.1,3,490000000,1779129489500000,1,94,489997382,489973091,489998870,2,26,1
2026-05-18 18:38:10,45.478348,9.227596,132.0,13,0.86,59.7,-0.166,-0.398,-1.12,-0.72,1.14,0.85,82.9,-7.75,0.71,4443,50,47.1,3,490500000,1779129490000000,1,98,490498003,490472452,490492790,1,27,7
2026-05-18 18:38:10,45.478348,9.227597,132.0,13,0.85,59.1,-0.148,-0.391,-1.28,-0.72,1.14,0.85,83.3,-7.61,0.75,4455,50,44.4,3,491000000,1779129490500000,1,92,490997713,490994317,490994683,2,5,5
2026-05-18 18:38:11,45.478349,9.227598,132.0,13,0.84,58.2,-0.163,-0.394,-1.27,-1.0,1.14,0.85,83.6,-7.05,0.76,4503,46,43.5,3,491500000,1779129491000000,1,92,491499048,491484186,491495923,0,15,4
2026-05-18 18:38:11,45.478349,9.227598,132.0,13,0.84,57.2,-0.154,-0.419,-0.99,-0.5,1.13,0.86,84.0,-7.5,0.82,4409,48,42.4,3,492000000,1779129491500000,1,100,491999275,491994743,491994770,0,5,5
2026-05-18 18:38:12,45.478349,9.227599,132.0,13,0.83,59.3,-0.157,-0.397,-1.85,-0.53,1.13,0.86,84.4,-6.78,0.77,4429,43,39.5,3,492500000,1779129492000000,1,97,492499304,492471202,492492583,0,28,7
2026-05-18 18:38:12,45.47835,9.2276,132.0,14,0.83,57.5,-0.187,-0.389,-1.52,-0.42,1.13,0.86,84.7,-6.51,0.8,4428,41,38.5,3,493000000,1779129492500000,1,95,492997760,492994530,492992972,2,5,7
2026-05-18 18:38:13,45.47835,9.2276,132.0,14,0.82,58.2,-0.191,-0.371,-1.54,-0.44,1.12,0.87,85.1,-6.98,0.78,4438,45,43.1,3,493500000,1779129493000000,1,98,493499350,493483478,493497264,0,16,2
2026-05-18 18:38:13,45.47835,9.227601,132.0,14,0.81,55.9,-0.182,-0.389,-0.94,-0.74,1.12,0.87,85.4,-6.56,0.72,4182,44,42.4,3,494000000,1779129493500000,1,96,493997467,493991747,493996535,2,8,3
2026-05-18 18:38:14,45.478351,9.227601,132.0,14,0.81,55.1,-0.181,-0.362,-1.67,-0.41,1.11,0.87,85.8,-6.44,0.79,4235,40,34.3,3,494500000,1779129494000000,1,92,494499059,494483138,494493784,0,16,6
2026-05-18 18:38:14,45.478351,9.227602,132.0,14,0.8,53.7,-0.172,-0.363,-1.24,-0.95,1.11,0.87,86.1,-5.97,0.75,4060,39,37.3,3,495000000,1779129494500000,1,99,494997492,494991599,494994665,2,8,5
2026-05-18 18:38:15,45.478351,9.227603,132.0,14,0.8,54.2,-0.182,-0.375,-1.6,-0.47,1.11,0.88,86.5,-6.3,0.71,4066,46,42.0,3,495500000,1779129495000000,1,95,495498415,495474476,495495124,1,25,4
2026-05-18 18:38:15,45.478352,9.227603,132.0,14,0.79,55.0,-0.191,-0.337,-1.26,-0.77,1.1,0.88,86.8,-5.64,0.78,4165,47,41.2,3,496000000,1779129495500000,1,99,495998028,495976848,495998332,1,23,1
2026-05-18 18:38:16,45.478352,9.227604,132.0,14,0.78,51.8,-0.17,-0.346,-0.97,-0.71,1.1,0.88,87.2,-6.07,0.72,4071,36,30.2,3,496500000,1779129496000000,1,93,496499342,496484519,496492785,0,15,7
2026-05-18 18:38:16,45.478352,9.227604,132.0,14,0.78,54.9,-0.183,-0.332,-1.09,-0.62,1.1,0.89,87.5,-5.43,0.76,4283,45,40.5,3,497000000,1779129496500000,1,99,496999001,496979872,496995761,0,20,4
2026-05-18 18:38:17,45.478353,9.227605,132.0,14,0.77,54.1,-0.165,-0.33,-1.4,-0.45,1.09,0.89,87.9,-6.21,0.7,4073,46,38.5,3,497500000,1779129497000000,1,94,497499339,497484977,497492021,0,15,7
2026-05-18 18:38:17,45.478353,9.227605,132.0,14,0.76,51.5,-0.165,-0.328,-0.89,-0.91,1.09,0.89,88.2,-6.15,0.73,4172,45,39.8,3,498000000,1779129497500000,1,96,497998877,497992248,497992746,1,7,7
2026-05-18 18:38:18,45.478353,9.227606,132.0,14,0.76,50.1,-0.163,-0.309,-1.18,-1.03,1.08,0.89,88.6,-5.21,0.76,4095,37,34.9,3,498500000,1779129498000000,1,93,498497769,498489450,498493417,2,10,6
2026-05-18 18:38:18,45.478354,9.227607,132.0,14,0.75,51.6,-0.151,-0.298,-1.05,-0.94,1.08,0.9,88.9,-4.79,0.73,4157,41,33.9,3,499000000,1779129498500000,1,97,498999459,498994476,498994256,0,5,5
2026-05-18 18:38:19,45.478354,9.227607,132.0,14,0.75,49.5,-0.155,-0.28,-1.1,-0.95,1.07,0.9,89.2,-4.67,0.77,3799,36,29.5,3,499500000,1779129499000000,1,98,499497859,499490436,499494199,2,9,5
2026-05-18 18:38:19,45.478354,9.227608,132.0,14,0.74,49.0,-0.152,-0.29,-0.8,-0.7,1.07,0.9,89.6,-5.63,0.77,3803,42,38.8,3,500000000,1779129499500000,1,99,499997728,499991270,499994554,2,8,5
